segments,top_k,threshold,pr_auc,f1,precision,recall
1,1,0.0011308841640129685,0.6847706034264471,0.7222222222222222,1.0,0.5652173913043478
1,2,0.0011308841640129685,0.6847706034264471,0.7222222222222222,1.0,0.5652173913043478
1,3,0.0011308841640129685,0.6847706034264471,0.7222222222222222,1.0,0.5652173913043478
1,4,0.0011308841640129685,0.6847706034264471,0.7222222222222222,1.0,0.5652173913043478
1,5,0.0011308841640129685,0.6847706034264471,0.7222222222222222,1.0,0.5652173913043478
1,6,0.0011308841640129685,0.6847706034264471,0.7222222222222222,1.0,0.5652173913043478
1,7,0.0011308841640129685,0.6847706034264471,0.7222222222222222,1.0,0.5652173913043478
1,8,0.0011308841640129685,0.6847706034264471,0.7222222222222222,1.0,0.5652173913043478
1,9,0.0011308841640129685,0.6847706034264471,0.7222222222222222,1.0,0.5652173913043478
1,10,0.0011308841640129685,0.6847706034264471,0.7222222222222222,1.0,0.5652173913043478
2,1,0.001458209240809083,0.758914383934475,0.7804878048780488,0.8888888888888888,0.6956521739130435
2,2,0.0011308842804282904,0.6847706034264471,0.7222222222222222,1.0,0.5652173913043478
2,3,0.0011308842804282904,0.6847706034264471,0.7222222222222222,1.0,0.5652173913043478
2,4,0.0011308842804282904,0.6847706034264471,0.7222222222222222,1.0,0.5652173913043478
2,5,0.0011308842804282904,0.6847706034264471,0.7222222222222222,1.0,0.5652173913043478
2,6,0.0011308842804282904,0.6847706034264471,0.7222222222222222,1.0,0.5652173913043478
2,7,0.0011308842804282904,0.6847706034264471,0.7222222222222222,1.0,0.5652173913043478
2,8,0.0011308842804282904,0.6847706034264471,0.7222222222222222,1.0,0.5652173913043478
2,9,0.0011308842804282904,0.6847706034264471,0.7222222222222222,1.0,0.5652173913043478
2,10,0.0011308842804282904,0.6847706034264471,0.7222222222222222,1.0,0.5652173913043478
3,1,0.0018063916359096766,0.8686875293227512,0.8085106382978723,0.7916666666666666,0.8260869565217391
3,2,0.0014727178495377302,0.8376335928038019,0.8,0.9411764705882353,0.6956521739130435
3,3,0.0011308842804282904,0.6847706034264472,0.7222222222222222,1.0,0.5652173913043478
3,4,0.0011308842804282904,0.6847706034264472,0.7222222222222222,1.0,0.5652173913043478
3,5,0.0011308842804282904,0.6847706034264472,0.7222222222222222,1.0,0.5652173913043478
3,6,0.0011308842804282904,0.6847706034264472,0.7222222222222222,1.0,0.5652173913043478
3,7,0.0011308842804282904,0.6847706034264472,0.7222222222222222,1.0,0.5652173913043478
3,8,0.0011308842804282904,0.6847706034264472,0.7222222222222222,1.0,0.5652173913043478
3,9,0.0011308842804282904,0.6847706034264472,0.7222222222222222,1.0,0.5652173913043478
3,10,0.0011308842804282904,0.6847706034264472,0.7222222222222222,1.0,0.5652173913043478
4,1,0.002011914039030671,0.8743891034092446,0.8076923076923077,0.7241379310344828,0.9130434782608695
4,2,0.001580126117914915,0.8439134019583819,0.8260869565217391,0.8260869565217391,0.8260869565217391
4,3,0.0014133523218333721,0.724725301865359,0.7894736842105263,1.0,0.6521739130434783
4,4,0.0011404600227251649,0.6933614824602332,0.7222222222222222,1.0,0.5652173913043478
4,5,0.0011404600227251649,0.6933614824602332,0.7222222222222222,1.0,0.5652173913043478
4,6,0.0011404600227251649,0.6933614824602332,0.7222222222222222,1.0,0.5652173913043478
4,7,0.0011404600227251649,0.6933614824602332,0.7222222222222222,1.0,0.5652173913043478
4,8,0.0011404600227251649,0.6933614824602332,0.7222222222222222,1.0,0.5652173913043478
4,9,0.0011404600227251649,0.6933614824602332,0.7222222222222222,1.0,0.5652173913043478
4,10,0.0011404600227251649,0.6933614824602332,0.7222222222222222,1.0,0.5652173913043478
5,1,0.0018713065655902028,0.891353566610563,0.84,0.7777777777777778,0.9130434782608695
5,2,0.0017369939014315605,0.8531751131933379,0.8260869565217391,0.8260869565217391,0.8260869565217391
5,3,0.0016244373982772231,0.7561496397123117,0.8,0.9411764705882353,0.6956521739130435
5,4,0.0013869551476091146,0.6753049056050511,0.7027027027027027,0.9285714285714286,0.5652173913043478
5,5,0.0011308842804282904,0.6847706034264471,0.7222222222222222,1.0,0.5652173913043478
5,6,0.0011308842804282904,0.6847706034264471,0.7222222222222222,1.0,0.5652173913043478
5,7,0.0011308842804282904,0.6847706034264471,0.7222222222222222,1.0,0.5652173913043478
5,8,0.0011308842804282904,0.6847706034264471,0.7222222222222222,1.0,0.5652173913043478
5,9,0.0011308842804282904,0.6847706034264471,0.7222222222222222,1.0,0.5652173913043478
5,10,0.0011308842804282904,0.6847706034264471,0.7222222222222222,1.0,0.5652173913043478
6,1,0.0026252700481563807,0.8582388512519987,0.8085106382978723,0.7916666666666666,0.8260869565217391
6,2,0.001967213349416852,0.8418336635569889,0.8181818181818182,0.8571428571428571,0.782608695652174
6,3,0.0018436858663335443,0.7893668452550536,0.8,0.9411764705882353,0.6956521739130435
6,4,0.0016008354723453522,0.7122847546121204,0.7567567567567568,1.0,0.6086956521739131
6,5,0.0013341109734028578,0.675932571909976,0.7027027027027027,0.9285714285714286,0.5652173913043478
6,6,0.0011308841640129685,0.6847706034264472,0.7222222222222222,1.0,0.5652173913043478
6,7,0.0011308841640129685,0.6847706034264472,0.7222222222222222,1.0,0.5652173913043478
6,8,0.0011308841640129685,0.6847706034264472,0.7222222222222222,1.0,0.5652173913043478
6,9,0.0011308841640129685,0.6847706034264472,0.7222222222222222,1.0,0.5652173913043478
6,10,0.0011308841640129685,0.6847706034264472,0.7222222222222222,1.0,0.5652173913043478
7,1,0.0031094742007553577,0.8908738836170186,0.8163265306122449,0.7692307692307693,0.8695652173913043
7,2,0.0024507222697138786,0.8623511804389205,0.8181818181818182,0.8571428571428571,0.782608695652174
7,3,0.0022036496084183455,0.8090628836887357,0.8,0.9411764705882353,0.6956521739130435
7,4,0.0017834873870015144,0.7412810909085805,0.7894736842105263,1.0,0.6521739130434783
7,5,0.001518431818112731,0.6771961566075922,0.717948717948718,0.875,0.6086956521739131
7,6,0.0012854677625000477,0.6800535707222911,0.7368421052631579,0.9333333333333333,0.6086956521739131
7,7,0.0011111224303022027,0.6799874146715409,0.7368421052631579,0.9333333333333333,0.6086956521739131
7,8,0.0011111224303022027,0.6799874146715409,0.7368421052631579,0.9333333333333333,0.6086956521739131
7,9,0.0011111224303022027,0.6799874146715409,0.7368421052631579,0.9333333333333333,0.6086956521739131
7,10,0.0011111224303022027,0.6799874146715409,0.7368421052631579,0.9333333333333333,0.6086956521739131
8,1,0.0032034136820584536,0.8386222682502383,0.8095238095238095,0.8947368421052632,0.7391304347826086
8,2,0.0026306796353310347,0.8631071952667771,0.8181818181818182,0.8571428571428571,0.782608695652174
8,3,0.0020586589816957712,0.8429870801696429,0.8181818181818182,0.8571428571428571,0.782608695652174
8,4,0.0019492092542350292,0.7651135897688849,0.8,0.9411764705882353,0.6956521739130435
8,5,0.001693016616627574,0.7240803290747456,0.7894736842105263,1.0,0.6521739130434783
8,6,0.0014945556176826358,0.6911724859171771,0.7222222222222222,1.0,0.5652173913043478
8,7,0.0012981360778212547,0.6916930928820405,0.7222222222222222,1.0,0.5652173913043478
8,8,0.0011433307081460953,0.691699364160318,0.7222222222222222,1.0,0.5652173913043478
8,9,0.0011433307081460953,0.691699364160318,0.7222222222222222,1.0,0.5652173913043478
8,10,0.0011433307081460953,0.691699364160318,0.7222222222222222,1.0,0.5652173913043478
9,1,0.003437515813857317,0.8669465620927869,0.8260869565217391,0.8260869565217391,0.8260869565217391
9,2,0.0032529591117054224,0.850200518141742,0.8205128205128205,1.0,0.6956521739130435
9,3,0.00252803904004395,0.8109210271891798,0.8,0.9411764705882353,0.6956521739130435
9,4,0.0021382183767855167,0.7876645515790892,0.8,0.9411764705882353,0.6956521739130435
9,5,0.0018429430201649666,0.7381750157661706,0.7894736842105263,1.0,0.6521739130434783
9,6,0.001633650274015963,0.6767322674886174,0.7027027027027027,0.9285714285714286,0.5652173913043478
9,7,0.0014180083526298404,0.6767406257482037,0.7027027027027027,0.9285714285714286,0.5652173913043478
9,8,0.0012554298155009747,0.6778767281646154,0.7027027027027027,0.9285714285714286,0.5652173913043478
9,9,0.001122817862778902,0.6758710404585644,0.7027027027027027,0.9285714285714286,0.5652173913043478
9,10,0.001122817862778902,0.6758710404585644,0.7027027027027027,0.9285714285714286,0.5652173913043478
10,1,0.003791856113821268,0.8476765631001563,0.8163265306122449,0.7692307692307693,0.8695652173913043
10,2,0.0032086344435811043,0.8460622123800636,0.8181818181818182,0.8571428571428571,0.782608695652174
10,3,0.0024556361604481936,0.825738915137107,0.8181818181818182,0.8571428571428571,0.782608695652174
10,4,0.0022925445809960365,0.7943119910335763,0.8,0.9411764705882353,0.6956521739130435
10,5,0.0019521914655342698,0.7520379188498967,0.8205128205128205,1.0,0.6956521739130435
10,6,0.001736166886985302,0.7183861681042886,0.7692307692307693,0.9375,0.6521739130434783
10,7,0.0015777541557326913,0.6781345923964616,0.7027027027027027,0.9285714285714286,0.5652173913043478
10,8,0.00139532214961946,0.6808847560693967,0.7027027027027027,0.9285714285714286,0.5652173913043478
10,9,0.0012491284869611263,0.6847244135480082,0.7222222222222222,1.0,0.5652173913043478
10,10,0.0011308842804282904,0.6847706034264472,0.7222222222222222,1.0,0.5652173913043478
11,1,0.004099443554878235,0.8002570640476291,0.8095238095238095,0.8947368421052632,0.7391304347826086
11,2,0.0032046115957200527,0.8523039874602129,0.8181818181818182,0.8571428571428571,0.782608695652174
11,3,0.0025244757998734713,0.8325689002749661,0.8181818181818182,0.8571428571428571,0.782608695652174
11,4,0.0024214405566453934,0.8156567699132583,0.8,0.9411764705882353,0.6956521739130435
11,5,0.0020816470496356487,0.7588420652370946,0.8,0.9411764705882353,0.6956521739130435
11,6,0.0018625763477757573,0.7298145200052675,0.7894736842105263,1.0,0.6521739130434783
11,7,0.0016921745846047997,0.6875111723569762,0.7368421052631579,0.9333333333333333,0.6086956521739131
11,8,0.0014960237313061953,0.6772851686375744,0.717948717948718,0.875,0.6086956521739131
11,9,0.0013432310661301017,0.6801334736263652,0.7368421052631579,0.9333333333333333,0.6086956521739131
11,10,0.001215666881762445,0.6801426771912811,0.7368421052631579,0.9333333333333333,0.6086956521739131
12,1,0.004346088506281376,0.8420303304241571,0.7906976744186046,0.85,0.7391304347826086
12,2,0.004008510150015354,0.8468424016429188,0.8205128205128205,1.0,0.6956521739130435
12,3,0.0026047304272651672,0.8301002113419435,0.8181818181818182,0.8571428571428571,0.782608695652174
12,4,0.0026009702123701572,0.8200478845889558,0.8,0.9411764705882353,0.6956521739130435
12,5,0.0022659199312329292,0.7931598848268224,0.8,0.9411764705882353,0.6956521739130435
12,6,0.0019212855258956552,0.7463746052252748,0.8,0.9411764705882353,0.6956521739130435
12,7,0.0017607224872335792,0.7182468742381014,0.7692307692307693,0.9375,0.6521739130434783
12,8,0.0016157268546521664,0.6811023010032198,0.717948717948718,0.875,0.6086956521739131
12,9,0.001443894230760634,0.6825620513004731,0.717948717948718,0.875,0.6086956521739131
12,10,0.001306314254179597,0.6855872955568033,0.717948717948718,0.875,0.6086956521739131
13,1,0.005679184105247259,0.8097673405750972,0.7894736842105263,1.0,0.6521739130434783
13,2,0.0036220853216946125,0.8382196585817542,0.8181818181818182,0.8571428571428571,0.782608695652174
13,3,0.002784695476293564,0.8263509837298264,0.8181818181818182,0.8571428571428571,0.782608695652174
13,4,0.002710803411900997,0.8138456974993579,0.8,0.9411764705882353,0.6956521739130435
13,5,0.002352002542465925,0.7878659621970213,0.8,0.9411764705882353,0.6956521739130435
13,6,0.00210621883161366,0.7566456796268235,0.8205128205128205,1.0,0.6956521739130435
13,7,0.001924032112583518,0.7389964332578715,0.7894736842105263,1.0,0.6521739130434783
13,8,0.0017036029603332281,0.7138847860708555,0.75,0.8823529411764706,0.6521739130434783
13,9,0.001563661266118288,0.6981475458959931,0.7368421052631579,0.9333333333333333,0.6086956521739131
13,10,0.001414122642017901,0.6988867697114161,0.7368421052631579,0.9333333333333333,0.6086956521739131
14,1,0.005128347780555487,0.7738842929040626,0.7804878048780488,0.8888888888888888,0.6956521739130435
14,2,0.004672890529036522,0.8423199135481049,0.8205128205128205,1.0,0.6956521739130435
14,3,0.0029994689393788576,0.813094156374641,0.8181818181818182,0.8571428571428571,0.782608695652174
14,4,0.003007513005286455,0.8021505685081972,0.8,0.9411764705882353,0.6956521739130435
14,5,0.0025899712927639484,0.7857911783662074,0.8,0.9411764705882353,0.6956521739130435
14,6,0.002206268021836877,0.7541617063199044,0.8,0.9411764705882353,0.6956521739130435
14,7,0.002036101883277297,0.7310378522566243,0.7894736842105263,1.0,0.6521739130434783
14,8,0.0018764793640002608,0.707074018495988,0.7567567567567568,1.0,0.6086956521739131
14,9,0.001683682668954134,0.6788001611233375,0.717948717948718,0.875,0.6086956521739131
14,10,0.0015277619240805507,0.6814109875323977,0.7368421052631579,0.9333333333333333,0.6086956521739131
15,1,0.005816813092678785,0.7747778367833259,0.7692307692307693,0.9375,0.6521739130434783
15,2,0.004230151418596506,0.8284721724254062,0.8095238095238095,0.8947368421052632,0.7391304347826086
15,3,0.003056519664824009,0.8249083759726057,0.8181818181818182,0.8571428571428571,0.782608695652174
15,4,0.003006091807037592,0.8104691710360395,0.8,0.9411764705882353,0.6956521739130435
15,5,0.0025957319885492325,0.7915067458545548,0.8,0.9411764705882353,0.6956521739130435
15,6,0.002308841794729233,0.7609343952407537,0.8,0.9411764705882353,0.6956521739130435
15,7,0.0020830403082072735,0.7448143821075468,0.8,0.9411764705882353,0.6956521739130435
15,8,0.0019426754442974925,0.7269141878536294,0.7894736842105263,1.0,0.6521739130434783
15,9,0.001824510982260108,0.6943777872613283,0.7222222222222222,1.0,0.5652173913043478
15,10,0.0016552179586142302,0.6782932916721219,0.7027027027027027,0.9285714285714286,0.5652173913043478
16,1,0.005943036172538996,0.7794841056769806,0.7894736842105263,1.0,0.6521739130434783
16,2,0.003902147524058819,0.8391971412189709,0.8181818181818182,0.8571428571428571,0.782608695652174
16,3,0.0031062897760421038,0.8287626744430889,0.8181818181818182,0.8571428571428571,0.782608695652174
16,4,0.0031891665421426296,0.8108424794487854,0.8,0.9411764705882353,0.6956521739130435
16,5,0.0027774986810982227,0.7948917316274843,0.8,0.9411764705882353,0.6956521739130435
16,6,0.002467573154717684,0.7757589402944737,0.8,0.9411764705882353,0.6956521739130435
16,7,0.0021784163545817137,0.7483222231942326,0.8,0.9411764705882353,0.6956521739130435
16,8,0.002055227290838957,0.7316149400090309,0.7894736842105263,1.0,0.6521739130434783
16,9,0.0018465194152668118,0.7140874281302498,0.7692307692307693,0.9375,0.6521739130434783
16,10,0.0017443953547626734,0.6886264927697152,0.7222222222222222,1.0,0.5652173913043478
17,1,0.006352612748742104,0.7227553432612863,0.7894736842105263,1.0,0.6521739130434783
17,2,0.004288963973522186,0.8335675399433884,0.8,0.8181818181818182,0.782608695652174
17,3,0.0035959500819444656,0.8257936065430345,0.8181818181818182,0.8571428571428571,0.782608695652174
17,4,0.002953585470095277,0.8114736897375742,0.8181818181818182,0.8571428571428571,0.782608695652174
17,5,0.0025594914332032204,0.8055257236001097,0.8181818181818182,0.8571428571428571,0.782608695652174
17,6,0.0025205689016729593,0.7958662287831496,0.7804878048780488,0.8888888888888888,0.6956521739130435
17,7,0.0022896479349583387,0.7714493195223616,0.8,0.9411764705882353,0.6956521739130435
17,8,0.0021030912175774574,0.7479662793811594,0.8205128205128205,1.0,0.6956521739130435
17,9,0.0019554467871785164,0.7306684552612791,0.7894736842105263,1.0,0.6521739130434783
17,10,0.001774909207597375,0.7117550839964176,0.75,0.8823529411764706,0.6521739130434783
18,1,0.0061501674354076385,0.7599256889842791,0.7894736842105263,1.0,0.6521739130434783
18,2,0.004693364724516869,0.821102874693598,0.8095238095238095,0.8947368421052632,0.7391304347826086
18,3,0.0034248873125761747,0.8336992129137231,0.8181818181818182,0.8571428571428571,0.782608695652174
18,4,0.002900619525462389,0.8166246503059786,0.8181818181818182,0.8571428571428571,0.782608695652174
18,5,0.0029592555947601795,0.8069288794491176,0.8,0.9411764705882353,0.6956521739130435
18,6,0.0026159174740314484,0.7910370329143066,0.8,0.9411764705882353,0.6956521739130435
18,7,0.0023693630937486887,0.7709176804752942,0.8,0.9411764705882353,0.6956521739130435
18,8,0.0021372397895902395,0.7462478636553341,0.8,0.9411764705882353,0.6956521739130435
18,9,0.0020282564219087362,0.730653330345535,0.7894736842105263,1.0,0.6521739130434783
18,10,0.0018453175434842706,0.7142097682607902,0.7692307692307693,0.9375,0.6521739130434783
19,1,0.007477336563169956,0.6988291748908328,0.7567567567567568,1.0,0.6086956521739131
19,2,0.004646730609238148,0.8047130773527916,0.8095238095238095,0.8947368421052632,0.7391304347826086
19,3,0.004496927838772535,0.8129783615292618,0.8205128205128205,1.0,0.6956521739130435
19,4,0.0037088566459715366,0.8092785540716345,0.8205128205128205,1.0,0.6956521739130435
19,5,0.0031840018928050995,0.7956515162241521,0.8205128205128205,1.0,0.6956521739130435
19,6,0.002815707353875041,0.7824505913059815,0.8205128205128205,1.0,0.6956521739130435
19,7,0.0025223237462341785,0.7596211749829653,0.8,0.9411764705882353,0.6956521739130435
19,8,0.002264802809804678,0.7481099949935938,0.8,0.9411764705882353,0.6956521739130435
19,9,0.0021583184134215117,0.7327854878106154,0.7894736842105263,1.0,0.6521739130434783
19,10,0.0019536323379725218,0.7170557205910225,0.7692307692307693,0.9375,0.6521739130434783
20,1,0.007277956232428551,0.7104689119174104,0.7567567567567568,1.0,0.6086956521739131
20,2,0.004701273515820503,0.8305405305224772,0.8,0.8181818181818182,0.782608695652174
20,3,0.0038471438456326723,0.828547071559974,0.8181818181818182,0.8571428571428571,0.782608695652174
20,4,0.0032029403373599052,0.8230212134171725,0.8181818181818182,0.8571428571428571,0.782608695652174
20,5,0.0027811401523649693,0.8101098890119545,0.8,0.8181818181818182,0.782608695652174
20,6,0.002837982028722763,0.8041661388042446,0.8,0.9411764705882353,0.6956521739130435
20,7,0.0025683739222586155,0.7924803171111446,0.8,0.9411764705882353,0.6956521739130435
20,8,0.0023622061125934124,0.7637098974404369,0.8,0.9411764705882353,0.6956521739130435
20,9,0.0021718451753258705,0.7478830749249978,0.8205128205128205,1.0,0.6956521739130435
20,10,0.002065271371975541,0.7323280244617305,0.7894736842105263,1.0,0.6521739130434783
21,1,0.0071211387403309345,0.7083025822891322,0.7567567567567568,1.0,0.6086956521739131
21,2,0.0049230074509978294,0.7995828123008879,0.8292682926829268,0.9444444444444444,0.7391304347826086
21,3,0.00469457870349288,0.8344670520717002,0.8205128205128205,1.0,0.6956521739130435
21,4,0.0032405643723905087,0.8138726972319668,0.8181818181818182,0.8571428571428571,0.782608695652174
21,5,0.002823831047862768,0.8085779073840427,0.8181818181818182,0.8571428571428571,0.782608695652174
21,6,0.0029580791015177965,0.8001479333048219,0.8,0.9411764705882353,0.6956521739130435
21,7,0.0026680082082748413,0.7888612437783058,0.8,0.9411764705882353,0.6956521739130435
21,8,0.0024287814740091562,0.7680053113292651,0.8,0.9411764705882353,0.6956521739130435
21,9,0.0021908762864768505,0.750014423342743,0.8,0.9411764705882353,0.6956521739130435
21,10,0.002116725081577897,0.7329232483584953,0.7894736842105263,1.0,0.6521739130434783
22,1,0.0075735305435955524,0.6982507791150404,0.75,0.8823529411764706,0.6521739130434783
22,2,0.004889737814664841,0.7940054425356763,0.8095238095238095,0.8947368421052632,0.7391304347826086
22,3,0.004208144266158342,0.801660590601852,0.8095238095238095,0.8947368421052632,0.7391304347826086
22,4,0.004023013170808554,0.8089887908213871,0.8205128205128205,1.0,0.6956521739130435
22,5,0.0035188838373869658,0.7997512758727474,0.8205128205128205,1.0,0.6956521739130435
22,6,0.003098360961303115,0.7838971592910726,0.8,0.9411764705882353,0.6956521739130435
22,7,0.0027830854523926973,0.7701870016926269,0.8,0.9411764705882353,0.6956521739130435
22,8,0.0025299435947090387,0.7544542066638857,0.8,0.9411764705882353,0.6956521739130435
22,9,0.00230514258146286,0.7468695159962934,0.8,0.9411764705882353,0.6956521739130435
22,10,0.002201626542955637,0.7359793431568795,0.7894736842105263,1.0,0.6521739130434783
23,1,0.00890895165503025,0.6627530768872101,0.6857142857142857,1.0,0.5217391304347826
23,2,0.0052034007385373116,0.8183045152846953,0.8,0.9411764705882353,0.6956521739130435
23,3,0.004615429323166609,0.8232764567584192,0.8095238095238095,0.8947368421052632,0.7391304347826086
23,4,0.003488097572699189,0.8228007787071722,0.8181818181818182,0.8571428571428571,0.782608695652174
23,5,0.0030232316348701715,0.8158178491171448,0.8181818181818182,0.8571428571428571,0.782608695652174
23,6,0.003228994784876704,0.8040012269702204,0.8,0.9411764705882353,0.6956521739130435
23,7,0.0028990001883357763,0.7971171147580204,0.8,0.9411764705882353,0.6956521739130435
23,8,0.002649642527103424,0.7850263057046153,0.8,0.9411764705882353,0.6956521739130435
23,9,0.0024498887360095978,0.7671842114343257,0.8205128205128205,1.0,0.6956521739130435
23,10,0.0022329899948090315,0.7507968903682891,0.8205128205128205,1.0,0.6956521739130435
24,1,0.00781837198883295,0.6492912545803466,0.7027027027027027,0.9285714285714286,0.5652173913043478
24,2,0.004982281476259232,0.7913634363109325,0.8095238095238095,0.8947368421052632,0.7391304347826086
24,3,0.004546227399259806,0.8310666589091091,0.8095238095238095,0.8947368421052632,0.7391304347826086
24,4,0.0035471036098897457,0.8194064461466404,0.8181818181818182,0.8571428571428571,0.782608695652174
24,5,0.0030981593299657106,0.8177010293446708,0.8181818181818182,0.8571428571428571,0.782608695652174
24,6,0.002784763230010867,0.8167746183065275,0.8181818181818182,0.8571428571428571,0.782608695652174
24,7,0.0029403872322291136,0.8137284225606282,0.8,0.9411764705882353,0.6956521739130435
24,8,0.00268870429135859,0.7944063215324295,0.8,0.9411764705882353,0.6956521739130435
24,9,0.00249156029894948,0.775309902088208,0.8,0.9411764705882353,0.6956521739130435
24,10,0.0022911152336746454,0.751818073572267,0.8,0.9411764705882353,0.6956521739130435
25,1,0.01043064333498478,0.6354090646993734,0.6857142857142857,1.0,0.5217391304347826
25,2,0.006478415802121162,0.7571646927052492,0.7894736842105263,1.0,0.6521739130434783
25,3,0.004670569207519293,0.7944758764876401,0.8095238095238095,0.8947368421052632,0.7391304347826086
25,4,0.004393622744828463,0.8055984044580964,0.8205128205128205,1.0,0.6956521739130435
25,5,0.003789760870859027,0.7991339606108572,0.8,0.9411764705882353,0.6956521739130435
25,6,0.003360904986038804,0.7903680788958023,0.8,0.9411764705882353,0.6956521739130435
25,7,0.0030171580146998167,0.7809435914781511,0.8,0.9411764705882353,0.6956521739130435
25,8,0.002756991656497121,0.7678819686627693,0.8,0.9411764705882353,0.6956521739130435
25,9,0.002553279045969248,0.756197950547288,0.8,0.9411764705882353,0.6956521739130435
25,10,0.002386535285040736,0.746834298932212,0.8,0.9411764705882353,0.6956521739130435
26,1,0.00871727243065834,0.5757948063306154,0.6111111111111112,0.8461538461538461,0.4782608695652174
26,2,0.0067602284252643585,0.7637105298444998,0.7894736842105263,1.0,0.6521739130434783
26,3,0.004783863667398691,0.8021825723065619,0.8095238095238095,0.8947368421052632,0.7391304347826086
26,4,0.004273022525012493,0.8131534096244487,0.8292682926829268,0.9444444444444444,0.7391304347826086
26,5,0.0036372230388224125,0.8084200546126402,0.8095238095238095,0.8947368421052632,0.7391304347826086
26,6,0.0031862061005085707,0.8049343092855982,0.8095238095238095,0.8947368421052632,0.7391304347826086
26,7,0.0028546196408569813,0.8016915672728151,0.8095238095238095,0.8947368421052632,0.7391304347826086
26,8,0.0028395741246640682,0.7940331152072412,0.8,0.9411764705882353,0.6956521739130435
26,9,0.0026286120992153883,0.7845444463844867,0.8,0.9411764705882353,0.6956521739130435
26,10,0.002453646855428815,0.7686116692186425,0.8,0.9411764705882353,0.6956521739130435
27,1,0.010014339350163937,0.6114289933052494,0.6470588235294118,1.0,0.4782608695652174
27,2,0.006122687831521034,0.7707553379658423,0.7692307692307693,0.9375,0.6521739130434783
27,3,0.004888398107141256,0.827403249411595,0.8095238095238095,0.8947368421052632,0.7391304347826086
27,4,0.0038665947504341602,0.8263762971574992,0.8181818181818182,0.8571428571428571,0.782608695652174
27,5,0.003398383501917124,0.8150968017969242,0.8181818181818182,0.8571428571428571,0.782608695652174
27,6,0.0030244197696447372,0.8137937918448929,0.8181818181818182,0.8571428571428571,0.782608695652174
27,7,0.003127065021544695,0.8084085099743762,0.8,0.9411764705882353,0.6956521739130435
27,8,0.002856577280908823,0.801972507628676,0.8,0.9411764705882353,0.6956521739130435
27,9,0.0026450688019394875,0.789517444875032,0.8,0.9411764705882353,0.6956521739130435
27,10,0.0024742919486016035,0.7706098030007407,0.8,0.9411764705882353,0.6956521739130435
28,1,0.008499154821038246,0.6464326540627081,0.65,0.7647058823529411,0.5652173913043478
28,2,0.0065314131788909435,0.7796187653061013,0.7894736842105263,1.0,0.6521739130434783
28,3,0.004964969586580992,0.8138664678824862,0.8095238095238095,0.8947368421052632,0.7391304347826086
28,4,0.004710846580564976,0.8240639852138708,0.8205128205128205,1.0,0.6956521739130435
28,5,0.004116285592317581,0.8191338857901972,0.8205128205128205,1.0,0.6956521739130435
28,6,0.0030534863471984863,0.8130018995879702,0.8181818181818182,0.8571428571428571,0.782608695652174
28,7,0.0033137553837150335,0.8056132940958208,0.8,0.9411764705882353,0.6956521739130435
28,8,0.003016861155629158,0.8008277980536702,0.8,0.9411764705882353,0.6956521739130435
28,9,0.00278474111109972,0.7953458938820258,0.8,0.9411764705882353,0.6956521739130435
28,10,0.0025979033671319485,0.7876100714728466,0.8,0.9411764705882353,0.6956521739130435
29,1,0.008834906853735447,0.6353680955197245,0.6842105263157895,0.8666666666666667,0.5652173913043478
29,2,0.005318460054695606,0.7796103301973167,0.7906976744186046,0.85,0.7391304347826086
29,3,0.004994646180421114,0.8233942578007537,0.8095238095238095,0.8947368421052632,0.7391304347826086
29,4,0.004498722031712532,0.8294178995349939,0.8292682926829268,0.9444444444444444,0.7391304347826086
29,5,0.0042600384913384914,0.8263992491109196,0.8205128205128205,1.0,0.6956521739130435
29,6,0.0037935811560600996,0.8212784815853567,0.8205128205128205,1.0,0.6956521739130435
29,7,0.0034073106944561005,0.819221652871907,0.8205128205128205,1.0,0.6956521739130435
29,8,0.0031087002716958523,0.813748141355856,0.8205128205128205,1.0,0.6956521739130435
29,9,0.0028678353410214186,0.8062049104706329,0.8205128205128205,1.0,0.6956521739130435
29,10,0.0026748995296657085,0.796161360717877,0.8205128205128205,1.0,0.6956521739130435
