dataset,method,sample_id,split,label,target,score_value,outer_fold
turning,one_class_svm_image_features,2inchStickout_F_08-Jun-2017_rpm1030_doc0p001_window_0001,validation,chatter,1,1.507437501886433,1
turning,one_class_svm_image_features,2inchStickout_F_08-Jun-2017_rpm1030_doc0p001_window_0002,validation,chatter,1,1.507437501886433,1
turning,one_class_svm_image_features,2inchStickout_F_08-Jun-2017_rpm320_doc0p005_window_0011,validation,chatter,1,0.2263308130978794,1
turning,one_class_svm_image_features,2inchStickout_F_08-Jun-2017_rpm320_doc0p020_window_0000,validation,no_chatter,0,-0.05680695647898437,1
turning,one_class_svm_image_features,2inchStickout_F_08-Jun-2017_rpm320_doc0p020_window_0004,validation,no_chatter,0,-0.2018855763401053,1
turning,one_class_svm_image_features,2inchStickout_F_08-Jun-2017_rpm320_doc0p025_window_0012,validation,no_chatter,0,-0.3102875656646955,1
turning,one_class_svm_image_features,2inchStickout_F_08-Jun-2017_rpm320_doc0p025_window_0013,validation,no_chatter,0,-0.17555094520798442,1
turning,one_class_svm_image_features,2inchStickout_F_08-Jun-2017_rpm320_doc0p025_window_0021,validation,no_chatter,0,-0.4331017534607189,1
turning,one_class_svm_image_features,2inchStickout_F_08-Jun-2017_rpm320_doc0p025_window_0023,validation,no_chatter,0,-0.36614022718958283,1
turning,one_class_svm_image_features,2inchStickout_F_08-Jun-2017_rpm320_doc0p030_window_0011,validation,no_chatter,0,-0.3873237751792198,1
turning,one_class_svm_image_features,2inchStickout_F_08-Jun-2017_rpm320_doc0p040_window_0022,test,no_chatter,0,-0.3754174628839524,1
turning,one_class_svm_image_features,2inchStickout_F_08-Jun-2017_rpm320_doc0p050_window_0009,test,no_chatter,0,-0.40929135856241317,1
turning,one_class_svm_image_features,2inchStickout_F_08-Jun-2017_rpm320_doc0p050_window_0023,test,no_chatter,0,-0.5745011026050844,1
turning,one_class_svm_image_features,2inchStickout_F_08-Jun-2017_rpm425_doc0p010_window_0000,validation,no_chatter,0,-0.026029378966255123,1
turning,one_class_svm_image_features,2inchStickout_F_08-Jun-2017_rpm425_doc0p017_window_0002,validation,no_chatter,0,-0.43219463518813317,1
turning,one_class_svm_image_features,2inchStickout_F_08-Jun-2017_rpm425_doc0p025_window_0002,test,no_chatter,0,-0.2717103285706117,1
turning,one_class_svm_image_features,2inchStickout_F_08-Jun-2017_rpm425_doc0p025_window_0006,validation,chatter,1,0.9863287892105712,1
turning,one_class_svm_image_features,2inchStickout_F_08-Jun-2017_rpm570_doc0p001_window_0003,validation,chatter,1,0.3553169679255437,1
turning,one_class_svm_image_features,2inchStickout_F_08-Jun-2017_rpm570_doc0p001_window_0004,validation,chatter,1,0.5175926478787544,1
turning,one_class_svm_image_features,2inchStickout_F_08-Jun-2017_rpm570_doc0p002_window_0002,test,chatter,1,0.4111489966081072,1
turning,one_class_svm_image_features,2inchStickout_F_08-Jun-2017_rpm770_doc0p002_window_0002,validation,chatter,1,1.507437501886433,1
turning,one_class_svm_image_features,2inchStickout_F_08-Jun-2017_rpm770_doc0p005_window_0003,validation,chatter,1,1.507437501886433,1
turning,one_class_svm_image_features,2inchStickout_F_08-Jun-2017_rpm770_doc0p005_window_0010,validation,chatter,1,1.507437501886433,1
turning,one_class_svm_image_features,2inchStickout_F_08-Jun-2017_rpm770_doc0p010_window_0002,test,chatter,1,1.507437501886433,1
turning,one_class_svm_image_features,2inchStickout_F_08-Jun-2017_rpm770_doc0p010_window_0008,test,chatter,1,1.507437501886433,1
turning,one_class_svm_image_features,2inchStickout_F_08-Jun-2017_rpm770_doc0p010_window_0013,test,chatter,1,1.507437501886433,1
turning,one_class_svm_image_features,2inchStickout_F_08-Jun-2017_smoothingCut2_noChatter_window_0001,test,no_chatter,0,0.04124829703198296,1
turning,one_class_svm_image_features,2p5inchStickout_F_12-Jun-2017_rpm570_doc0p003_window_0001,test,no_chatter,0,-0.14799302074277065,1
turning,one_class_svm_image_features,2p5inchStickout_F_12-Jun-2017_rpm570_doc0p005_window_0000,test,no_chatter,0,-0.07691928160264694,1
turning,one_class_svm_image_features,3p5inchStickout_F_14-Jun-2017_rpm770_doc0p005_window_0000,validation,no_chatter,0,-0.06981398565287322,1
turning,one_class_svm_image_features,3p5inchStickout_F_14-Jun-2017_rpm770_doc0p015_window_0000,validation,no_chatter,0,-0.07012426375430847,1
turning,one_class_svm_image_features,4p5inchStickout_F_12-Jun-2017_rpm570_doc0p025_window_0006,test,no_chatter,0,-0.1965964549499979,1
turning,one_class_svm_image_features,4p5inchStickout_F_13-Jun-2017_rpm1030_doc0p010_window_0001,test,no_chatter,0,0.008990440264473154,1
turning,one_class_svm_image_features,4p5inchStickout_F_13-Jun-2017_rpm1030_doc0p012_window_0002,test,no_chatter,0,-0.16541697851822756,1
turning,one_class_svm_image_features,4p5inchStickout_F_13-Jun-2017_rpm1030_doc0p013_window_0000,test,no_chatter,0,-0.015801031636206275,1
turning,one_class_svm_image_features,4p5inchStickout_F_13-Jun-2017_rpm770_doc0p015_window_0004,validation,no_chatter,0,-0.16096571581203478,1
turning,isolation_forest_image_features,2inchStickout_F_08-Jun-2017_rpm1030_doc0p001_window_0001,validation,chatter,1,0.2780118505178505,1
turning,isolation_forest_image_features,2inchStickout_F_08-Jun-2017_rpm1030_doc0p001_window_0002,validation,chatter,1,0.27620989599628054,1
turning,isolation_forest_image_features,2inchStickout_F_08-Jun-2017_rpm320_doc0p005_window_0011,validation,chatter,1,0.045325628913368665,1
turning,isolation_forest_image_features,2inchStickout_F_08-Jun-2017_rpm320_doc0p020_window_0000,validation,no_chatter,0,-0.1240238667360335,1
turning,isolation_forest_image_features,2inchStickout_F_08-Jun-2017_rpm320_doc0p020_window_0004,validation,no_chatter,0,-0.09944304126181602,1
turning,isolation_forest_image_features,2inchStickout_F_08-Jun-2017_rpm320_doc0p025_window_0012,validation,no_chatter,0,-0.09603886906808717,1
turning,isolation_forest_image_features,2inchStickout_F_08-Jun-2017_rpm320_doc0p025_window_0013,validation,no_chatter,0,-0.07468075648360567,1
turning,isolation_forest_image_features,2inchStickout_F_08-Jun-2017_rpm320_doc0p025_window_0021,validation,no_chatter,0,-0.09974723640368938,1
turning,isolation_forest_image_features,2inchStickout_F_08-Jun-2017_rpm320_doc0p025_window_0023,validation,no_chatter,0,-0.10181939090806535,1
turning,isolation_forest_image_features,2inchStickout_F_08-Jun-2017_rpm320_doc0p030_window_0011,validation,no_chatter,0,-0.11044449136414569,1
turning,isolation_forest_image_features,2inchStickout_F_08-Jun-2017_rpm320_doc0p040_window_0022,test,no_chatter,0,-0.08520948069610373,1
turning,isolation_forest_image_features,2inchStickout_F_08-Jun-2017_rpm320_doc0p050_window_0009,test,no_chatter,0,-0.10709878907043835,1
turning,isolation_forest_image_features,2inchStickout_F_08-Jun-2017_rpm320_doc0p050_window_0023,test,no_chatter,0,-0.1168930985098901,1
turning,isolation_forest_image_features,2inchStickout_F_08-Jun-2017_rpm425_doc0p010_window_0000,validation,no_chatter,0,-0.12421995776818356,1
turning,isolation_forest_image_features,2inchStickout_F_08-Jun-2017_rpm425_doc0p017_window_0002,validation,no_chatter,0,-0.12242980105584444,1
turning,isolation_forest_image_features,2inchStickout_F_08-Jun-2017_rpm425_doc0p025_window_0002,test,no_chatter,0,-0.09391293880023033,1
turning,isolation_forest_image_features,2inchStickout_F_08-Jun-2017_rpm425_doc0p025_window_0006,validation,chatter,1,0.15291168121977605,1
turning,isolation_forest_image_features,2inchStickout_F_08-Jun-2017_rpm570_doc0p001_window_0003,validation,chatter,1,0.16301956096905046,1
turning,isolation_forest_image_features,2inchStickout_F_08-Jun-2017_rpm570_doc0p001_window_0004,validation,chatter,1,0.18647051818939986,1
turning,isolation_forest_image_features,2inchStickout_F_08-Jun-2017_rpm570_doc0p002_window_0002,test,chatter,1,0.05762267222851103,1
turning,isolation_forest_image_features,2inchStickout_F_08-Jun-2017_rpm770_doc0p002_window_0002,validation,chatter,1,0.23822218811158558,1
turning,isolation_forest_image_features,2inchStickout_F_08-Jun-2017_rpm770_doc0p005_window_0003,validation,chatter,1,0.27306524523832953,1
turning,isolation_forest_image_features,2inchStickout_F_08-Jun-2017_rpm770_doc0p005_window_0010,validation,chatter,1,0.23340009804994877,1
turning,isolation_forest_image_features,2inchStickout_F_08-Jun-2017_rpm770_doc0p010_window_0002,test,chatter,1,0.24962741826008983,1
turning,isolation_forest_image_features,2inchStickout_F_08-Jun-2017_rpm770_doc0p010_window_0008,test,chatter,1,0.2572739690547109,1
turning,isolation_forest_image_features,2inchStickout_F_08-Jun-2017_rpm770_doc0p010_window_0013,test,chatter,1,0.2365558489597176,1
turning,isolation_forest_image_features,2inchStickout_F_08-Jun-2017_smoothingCut2_noChatter_window_0001,test,no_chatter,0,-0.06862224522071514,1
turning,isolation_forest_image_features,2p5inchStickout_F_12-Jun-2017_rpm570_doc0p003_window_0001,test,no_chatter,0,-0.08433089506118358,1
turning,isolation_forest_image_features,2p5inchStickout_F_12-Jun-2017_rpm570_doc0p005_window_0000,test,no_chatter,0,-0.11781637547736434,1
turning,isolation_forest_image_features,3p5inchStickout_F_14-Jun-2017_rpm770_doc0p005_window_0000,validation,no_chatter,0,-0.06010320916699641,1
turning,isolation_forest_image_features,3p5inchStickout_F_14-Jun-2017_rpm770_doc0p015_window_0000,validation,no_chatter,0,-0.06658062803208203,1
turning,isolation_forest_image_features,4p5inchStickout_F_12-Jun-2017_rpm570_doc0p025_window_0006,test,no_chatter,0,-0.06781874929544679,1
turning,isolation_forest_image_features,4p5inchStickout_F_13-Jun-2017_rpm1030_doc0p010_window_0001,test,no_chatter,0,0.06521476525284453,1
turning,isolation_forest_image_features,4p5inchStickout_F_13-Jun-2017_rpm1030_doc0p012_window_0002,test,no_chatter,0,-0.021482731901306062,1
turning,isolation_forest_image_features,4p5inchStickout_F_13-Jun-2017_rpm1030_doc0p013_window_0000,test,no_chatter,0,-0.08667443936446545,1
turning,isolation_forest_image_features,4p5inchStickout_F_13-Jun-2017_rpm770_doc0p015_window_0004,validation,no_chatter,0,-0.045316168074215124,1
turning,pca_image_reconstruction,2inchStickout_F_08-Jun-2017_rpm1030_doc0p001_window_0001,validation,chatter,1,0.00715983472764492,1
turning,pca_image_reconstruction,2inchStickout_F_08-Jun-2017_rpm1030_doc0p001_window_0002,validation,chatter,1,0.005693373735994101,1
turning,pca_image_reconstruction,2inchStickout_F_08-Jun-2017_rpm320_doc0p005_window_0011,validation,chatter,1,0.0010372501565143466,1
turning,pca_image_reconstruction,2inchStickout_F_08-Jun-2017_rpm320_doc0p020_window_0000,validation,no_chatter,0,1.59001810970949e-05,1
turning,pca_image_reconstruction,2inchStickout_F_08-Jun-2017_rpm320_doc0p020_window_0004,validation,no_chatter,0,0.00018056659610010684,1
turning,pca_image_reconstruction,2inchStickout_F_08-Jun-2017_rpm320_doc0p025_window_0012,validation,no_chatter,0,0.0012166822561994195,1
turning,pca_image_reconstruction,2inchStickout_F_08-Jun-2017_rpm320_doc0p025_window_0013,validation,no_chatter,0,0.001294199377298355,1
turning,pca_image_reconstruction,2inchStickout_F_08-Jun-2017_rpm320_doc0p025_window_0021,validation,no_chatter,0,0.0006412913207896054,1
turning,pca_image_reconstruction,2inchStickout_F_08-Jun-2017_rpm320_doc0p025_window_0023,validation,no_chatter,0,0.0007469362462870777,1
turning,pca_image_reconstruction,2inchStickout_F_08-Jun-2017_rpm320_doc0p030_window_0011,validation,no_chatter,0,0.0003666516859084368,1
turning,pca_image_reconstruction,2inchStickout_F_08-Jun-2017_rpm320_doc0p040_window_0022,test,no_chatter,0,0.00040877677383832633,1
turning,pca_image_reconstruction,2inchStickout_F_08-Jun-2017_rpm320_doc0p050_window_0009,test,no_chatter,0,0.00038779963506385684,1
turning,pca_image_reconstruction,2inchStickout_F_08-Jun-2017_rpm320_doc0p050_window_0023,test,no_chatter,0,0.0005174997495487332,1
turning,pca_image_reconstruction,2inchStickout_F_08-Jun-2017_rpm425_doc0p010_window_0000,validation,no_chatter,0,1.7923181076184846e-05,1
turning,pca_image_reconstruction,2inchStickout_F_08-Jun-2017_rpm425_doc0p017_window_0002,validation,no_chatter,0,0.0005939912516623735,1
turning,pca_image_reconstruction,2inchStickout_F_08-Jun-2017_rpm425_doc0p025_window_0002,test,no_chatter,0,0.0006583482027053833,1
turning,pca_image_reconstruction,2inchStickout_F_08-Jun-2017_rpm425_doc0p025_window_0006,validation,chatter,1,0.001600679475814104,1
turning,pca_image_reconstruction,2inchStickout_F_08-Jun-2017_rpm570_doc0p001_window_0003,validation,chatter,1,0.0013813682598993182,1
turning,pca_image_reconstruction,2inchStickout_F_08-Jun-2017_rpm570_doc0p001_window_0004,validation,chatter,1,0.001353343715891242,1
turning,pca_image_reconstruction,2inchStickout_F_08-Jun-2017_rpm570_doc0p002_window_0002,test,chatter,1,0.0023478190414607525,1
turning,pca_image_reconstruction,2inchStickout_F_08-Jun-2017_rpm770_doc0p002_window_0002,validation,chatter,1,0.007255937904119492,1
turning,pca_image_reconstruction,2inchStickout_F_08-Jun-2017_rpm770_doc0p005_window_0003,validation,chatter,1,0.004540582187473774,1
turning,pca_image_reconstruction,2inchStickout_F_08-Jun-2017_rpm770_doc0p005_window_0010,validation,chatter,1,0.004956486634910107,1
turning,pca_image_reconstruction,2inchStickout_F_08-Jun-2017_rpm770_doc0p010_window_0002,test,chatter,1,0.0031756116077303886,1
turning,pca_image_reconstruction,2inchStickout_F_08-Jun-2017_rpm770_doc0p010_window_0008,test,chatter,1,0.003135407343506813,1
turning,pca_image_reconstruction,2inchStickout_F_08-Jun-2017_rpm770_doc0p010_window_0013,test,chatter,1,0.0025386582128703594,1
turning,pca_image_reconstruction,2inchStickout_F_08-Jun-2017_smoothingCut2_noChatter_window_0001,test,no_chatter,0,0.00045161688467487693,1
turning,pca_image_reconstruction,2p5inchStickout_F_12-Jun-2017_rpm570_doc0p003_window_0001,test,no_chatter,0,0.0003258785291109234,1
turning,pca_image_reconstruction,2p5inchStickout_F_12-Jun-2017_rpm570_doc0p005_window_0000,test,no_chatter,0,0.00012628041440621018,1
turning,pca_image_reconstruction,3p5inchStickout_F_14-Jun-2017_rpm770_doc0p005_window_0000,validation,no_chatter,0,3.017824019480031e-05,1
turning,pca_image_reconstruction,3p5inchStickout_F_14-Jun-2017_rpm770_doc0p015_window_0000,validation,no_chatter,0,2.5871240723063238e-05,1
turning,pca_image_reconstruction,4p5inchStickout_F_12-Jun-2017_rpm570_doc0p025_window_0006,test,no_chatter,0,0.0003260432567913085,1
turning,pca_image_reconstruction,4p5inchStickout_F_13-Jun-2017_rpm1030_doc0p010_window_0001,test,no_chatter,0,0.0009453750099055469,1
turning,pca_image_reconstruction,4p5inchStickout_F_13-Jun-2017_rpm1030_doc0p012_window_0002,test,no_chatter,0,0.0007146106800064445,1
turning,pca_image_reconstruction,4p5inchStickout_F_13-Jun-2017_rpm1030_doc0p013_window_0000,test,no_chatter,0,8.735802111914381e-06,1
turning,pca_image_reconstruction,4p5inchStickout_F_13-Jun-2017_rpm770_doc0p015_window_0004,validation,no_chatter,0,0.0010458675678819418,1
turning,one_class_svm_image_features,2inchStickout_F_08-Jun-2017_rpm320_doc0p005_window_0007,validation,chatter,1,0.7046397728558659,2
turning,one_class_svm_image_features,2inchStickout_F_08-Jun-2017_rpm320_doc0p010_window_0005,validation,no_chatter,0,-0.24813411983752354,2
turning,one_class_svm_image_features,2inchStickout_F_08-Jun-2017_rpm320_doc0p010_window_0008,validation,no_chatter,0,-0.43465424566532795,2
turning,one_class_svm_image_features,2inchStickout_F_08-Jun-2017_rpm320_doc0p020_window_0006,validation,no_chatter,0,-0.26051583679087265,2
turning,one_class_svm_image_features,2inchStickout_F_08-Jun-2017_rpm320_doc0p020_window_0022,validation,no_chatter,0,-0.23993542096952125,2
turning,one_class_svm_image_features,2inchStickout_F_08-Jun-2017_rpm320_doc0p025_window_0017,validation,no_chatter,0,-0.33302419107516923,2
turning,one_class_svm_image_features,2inchStickout_F_08-Jun-2017_rpm320_doc0p035_window_0020,validation,no_chatter,0,-0.46581291681275205,2
turning,one_class_svm_image_features,2inchStickout_F_08-Jun-2017_rpm320_doc0p040_window_0000,test,no_chatter,0,-0.05734214114498948,2
turning,one_class_svm_image_features,2inchStickout_F_08-Jun-2017_rpm320_doc0p050_window_0008,test,no_chatter,0,-0.3980313306426182,2
turning,one_class_svm_image_features,2inchStickout_F_08-Jun-2017_rpm320_doc0p050_window_0017,test,no_chatter,0,-0.43670524105488284,2
turning,one_class_svm_image_features,2inchStickout_F_08-Jun-2017_rpm425_doc0p017_window_0003,validation,no_chatter,0,-0.4702148081670652,2
turning,one_class_svm_image_features,2inchStickout_F_08-Jun-2017_rpm425_doc0p020_window_0002,test,no_chatter,0,-0.339793567167169,2
turning,one_class_svm_image_features,2inchStickout_F_08-Jun-2017_rpm425_doc0p020_window_0005,test,no_chatter,0,0.1651853548136517,2
turning,one_class_svm_image_features,2inchStickout_F_08-Jun-2017_rpm425_doc0p025_window_0005,validation,chatter,1,0.875090304824515,2
turning,one_class_svm_image_features,2inchStickout_F_08-Jun-2017_rpm570_doc0p001_window_0002,validation,chatter,1,-0.099169765635861,2
turning,one_class_svm_image_features,2inchStickout_F_08-Jun-2017_rpm570_doc0p005_window_0001,test,no_chatter,0,-0.21403705498481407,2
turning,one_class_svm_image_features,2inchStickout_F_08-Jun-2017_rpm570_doc0p005_window_0002,test,chatter,1,0.15707766780726717,2
turning,one_class_svm_image_features,2inchStickout_F_08-Jun-2017_rpm770_doc0p001_window_0006,test,chatter,1,0.8066315050879537,2
turning,one_class_svm_image_features,2inchStickout_F_08-Jun-2017_rpm770_doc0p005_window_0001,validation,chatter,1,1.507437501886433,2
turning,one_class_svm_image_features,2inchStickout_F_08-Jun-2017_rpm770_doc0p010_window_0001,test,chatter,1,1.507437501886433,2
turning,one_class_svm_image_features,2inchStickout_F_08-Jun-2017_rpm770_doc0p010_window_0006,test,chatter,1,1.507437501886433,2
turning,one_class_svm_image_features,2inchStickout_F_08-Jun-2017_rpm770_doc0p010_window_0009,test,chatter,1,1.507437501886433,2
turning,one_class_svm_image_features,2inchStickout_F_08-Jun-2017_rpm770_doc0p010_window_0010,test,chatter,1,1.507437501886433,2
turning,one_class_svm_image_features,2inchStickout_F_08-Jun-2017_rpm770_doc0p010_window_0012,test,chatter,1,1.507437501886433,2
turning,one_class_svm_image_features,2p5inchStickout_F_12-Jun-2017_rpm570_doc0p008_window_0009,validation,no_chatter,0,-0.49469089753175166,2
turning,one_class_svm_image_features,2p5inchStickout_F_12-Jun-2017_rpm570_doc0p010_window_0006,test,no_chatter,0,-0.26996026461584144,2
turning,one_class_svm_image_features,2p5inchStickout_F_12-Jun-2017_rpm570_doc0p010_window_0009,test,no_chatter,0,-0.4407791555827787,2
turning,one_class_svm_image_features,2p5inchStickout_F_12-Jun-2017_rpm570_doc0p012_window_0008,validation,no_chatter,0,-0.454439939262095,2
turning,one_class_svm_image_features,2p5inchStickout_F_12-Jun-2017_rpm570_doc0p012_window_0009,validation,no_chatter,0,-0.5324677266258424,2
turning,one_class_svm_image_features,2p5inchStickout_F_12-Jun-2017_rpm570_doc0p015_trial2_window_0002,test,chatter,1,0.8564735391672547,2
turning,one_class_svm_image_features,3inchStickout_F_12-Jun-2017_rpm570_doc0p015_window_0001,test,no_chatter,0,-0.0852695214048611,2
turning,one_class_svm_image_features,4p5inchStickout_F_12-Jun-2017_rpm570_doc0p005_window_0002,validation,no_chatter,0,-0.0003595456184990464,2
turning,one_class_svm_image_features,4p5inchStickout_F_13-Jun-2017_rpm1030_doc0p015_window_0003,validation,no_chatter,0,0.2359021769647085,2
turning,one_class_svm_image_features,4p5inchStickout_F_13-Jun-2017_rpm770_doc0p015_window_0001,validation,no_chatter,0,0.030449398606014144,2
turning,one_class_svm_image_features,4p5inchStickout_F_13-Jun-2017_rpm770_doc0p015_window_0002,validation,no_chatter,0,-0.2362104110826342,2
turning,one_class_svm_image_features,4p5inchStickout_F_13-Jun-2017_rpm770_doc0p015_window_0005,validation,no_chatter,0,-0.1676490286400527,2
turning,isolation_forest_image_features,2inchStickout_F_08-Jun-2017_rpm320_doc0p005_window_0007,validation,chatter,1,0.1242920314666569,2
turning,isolation_forest_image_features,2inchStickout_F_08-Jun-2017_rpm320_doc0p010_window_0005,validation,no_chatter,0,-0.11353512196338855,2
turning,isolation_forest_image_features,2inchStickout_F_08-Jun-2017_rpm320_doc0p010_window_0008,validation,no_chatter,0,-0.09717619892195029,2
turning,isolation_forest_image_features,2inchStickout_F_08-Jun-2017_rpm320_doc0p020_window_0006,validation,no_chatter,0,-0.10644309625579035,2
turning,isolation_forest_image_features,2inchStickout_F_08-Jun-2017_rpm320_doc0p020_window_0022,validation,no_chatter,0,-0.10670816621570262,2
turning,isolation_forest_image_features,2inchStickout_F_08-Jun-2017_rpm320_doc0p025_window_0017,validation,no_chatter,0,-0.09153685290145319,2
turning,isolation_forest_image_features,2inchStickout_F_08-Jun-2017_rpm320_doc0p035_window_0020,validation,no_chatter,0,-0.11405335614020817,2
turning,isolation_forest_image_features,2inchStickout_F_08-Jun-2017_rpm320_doc0p040_window_0000,test,no_chatter,0,-0.12473321864086728,2
turning,isolation_forest_image_features,2inchStickout_F_08-Jun-2017_rpm320_doc0p050_window_0008,test,no_chatter,0,-0.1195938351392003,2
turning,isolation_forest_image_features,2inchStickout_F_08-Jun-2017_rpm320_doc0p050_window_0017,test,no_chatter,0,-0.12541555759199957,2
turning,isolation_forest_image_features,2inchStickout_F_08-Jun-2017_rpm425_doc0p017_window_0003,validation,no_chatter,0,-0.09376630410155606,2
turning,isolation_forest_image_features,2inchStickout_F_08-Jun-2017_rpm425_doc0p020_window_0002,test,no_chatter,0,-0.09100826932694023,2
turning,isolation_forest_image_features,2inchStickout_F_08-Jun-2017_rpm425_doc0p020_window_0005,test,no_chatter,0,0.017193828739291317,2
turning,isolation_forest_image_features,2inchStickout_F_08-Jun-2017_rpm425_doc0p025_window_0005,validation,chatter,1,0.15243255946231093,2
turning,isolation_forest_image_features,2inchStickout_F_08-Jun-2017_rpm570_doc0p001_window_0002,validation,chatter,1,0.07925139391654856,2
turning,isolation_forest_image_features,2inchStickout_F_08-Jun-2017_rpm570_doc0p005_window_0001,test,no_chatter,0,-0.07413840075429284,2
turning,isolation_forest_image_features,2inchStickout_F_08-Jun-2017_rpm570_doc0p005_window_0002,test,chatter,1,0.07569389727097131,2
turning,isolation_forest_image_features,2inchStickout_F_08-Jun-2017_rpm770_doc0p001_window_0006,test,chatter,1,0.20735056325366075,2
turning,isolation_forest_image_features,2inchStickout_F_08-Jun-2017_rpm770_doc0p005_window_0001,validation,chatter,1,0.2704544369931142,2
turning,isolation_forest_image_features,2inchStickout_F_08-Jun-2017_rpm770_doc0p010_window_0001,test,chatter,1,0.20028090058355275,2
turning,isolation_forest_image_features,2inchStickout_F_08-Jun-2017_rpm770_doc0p010_window_0006,test,chatter,1,0.2588126136779645,2
turning,isolation_forest_image_features,2inchStickout_F_08-Jun-2017_rpm770_doc0p010_window_0009,test,chatter,1,0.26164346410789086,2
turning,isolation_forest_image_features,2inchStickout_F_08-Jun-2017_rpm770_doc0p010_window_0010,test,chatter,1,0.2654997626814608,2
turning,isolation_forest_image_features,2inchStickout_F_08-Jun-2017_rpm770_doc0p010_window_0012,test,chatter,1,0.25393280614642266,2
turning,isolation_forest_image_features,2p5inchStickout_F_12-Jun-2017_rpm570_doc0p008_window_0009,validation,no_chatter,0,-0.0794007632471358,2
turning,isolation_forest_image_features,2p5inchStickout_F_12-Jun-2017_rpm570_doc0p010_window_0006,test,no_chatter,0,-0.0330215612508446,2
turning,isolation_forest_image_features,2p5inchStickout_F_12-Jun-2017_rpm570_doc0p010_window_0009,test,no_chatter,0,-0.07574743447911597,2
turning,isolation_forest_image_features,2p5inchStickout_F_12-Jun-2017_rpm570_doc0p012_window_0008,validation,no_chatter,0,-0.06198155858700177,2
turning,isolation_forest_image_features,2p5inchStickout_F_12-Jun-2017_rpm570_doc0p012_window_0009,validation,no_chatter,0,-0.06896872683234384,2
turning,isolation_forest_image_features,2p5inchStickout_F_12-Jun-2017_rpm570_doc0p015_trial2_window_0002,test,chatter,1,0.12360779503150343,2
turning,isolation_forest_image_features,3inchStickout_F_12-Jun-2017_rpm570_doc0p015_window_0001,test,no_chatter,0,-0.06858895624235473,2
turning,isolation_forest_image_features,4p5inchStickout_F_12-Jun-2017_rpm570_doc0p005_window_0002,validation,no_chatter,0,-0.07627873180213779,2
turning,isolation_forest_image_features,4p5inchStickout_F_13-Jun-2017_rpm1030_doc0p015_window_0003,validation,no_chatter,0,0.0784253093881917,2
turning,isolation_forest_image_features,4p5inchStickout_F_13-Jun-2017_rpm770_doc0p015_window_0001,validation,no_chatter,0,-0.04147843993814426,2
turning,isolation_forest_image_features,4p5inchStickout_F_13-Jun-2017_rpm770_doc0p015_window_0002,validation,no_chatter,0,-0.08023644452901407,2
turning,isolation_forest_image_features,4p5inchStickout_F_13-Jun-2017_rpm770_doc0p015_window_0005,validation,no_chatter,0,-0.06466456090126527,2
turning,pca_image_reconstruction,2inchStickout_F_08-Jun-2017_rpm320_doc0p005_window_0007,validation,chatter,1,0.0014783095102757215,2
turning,pca_image_reconstruction,2inchStickout_F_08-Jun-2017_rpm320_doc0p010_window_0005,validation,no_chatter,0,0.000272093981038779,2
turning,pca_image_reconstruction,2inchStickout_F_08-Jun-2017_rpm320_doc0p010_window_0008,validation,no_chatter,0,0.0007817468140274286,2
turning,pca_image_reconstruction,2inchStickout_F_08-Jun-2017_rpm320_doc0p020_window_0006,validation,no_chatter,0,0.00015857450489420444,2
turning,pca_image_reconstruction,2inchStickout_F_08-Jun-2017_rpm320_doc0p020_window_0022,validation,no_chatter,0,0.0002167764469049871,2
turning,pca_image_reconstruction,2inchStickout_F_08-Jun-2017_rpm320_doc0p025_window_0017,validation,no_chatter,0,0.000799515109974891,2
turning,pca_image_reconstruction,2inchStickout_F_08-Jun-2017_rpm320_doc0p035_window_0020,validation,no_chatter,0,0.0004037241160403937,2
turning,pca_image_reconstruction,2inchStickout_F_08-Jun-2017_rpm320_doc0p040_window_0000,test,no_chatter,0,1.3976172340335324e-05,2
turning,pca_image_reconstruction,2inchStickout_F_08-Jun-2017_rpm320_doc0p050_window_0008,test,no_chatter,0,0.0002620627055875957,2
turning,pca_image_reconstruction,2inchStickout_F_08-Jun-2017_rpm320_doc0p050_window_0017,test,no_chatter,0,0.0003637715126387775,2
turning,pca_image_reconstruction,2inchStickout_F_08-Jun-2017_rpm425_doc0p017_window_0003,validation,no_chatter,0,0.000944248226005584,2
turning,pca_image_reconstruction,2inchStickout_F_08-Jun-2017_rpm425_doc0p020_window_0002,test,no_chatter,0,0.000564620248042047,2
turning,pca_image_reconstruction,2inchStickout_F_08-Jun-2017_rpm425_doc0p020_window_0005,test,no_chatter,0,0.00200929818674922,2
turning,pca_image_reconstruction,2inchStickout_F_08-Jun-2017_rpm425_doc0p025_window_0005,validation,chatter,1,0.001652417005971074,2
turning,pca_image_reconstruction,2inchStickout_F_08-Jun-2017_rpm570_doc0p001_window_0002,validation,chatter,1,0.001081149443052709,2
turning,pca_image_reconstruction,2inchStickout_F_08-Jun-2017_rpm570_doc0p005_window_0001,test,no_chatter,0,0.0004687393957283348,2
turning,pca_image_reconstruction,2inchStickout_F_08-Jun-2017_rpm570_doc0p005_window_0002,test,chatter,1,0.0016805186169221997,2
turning,pca_image_reconstruction,2inchStickout_F_08-Jun-2017_rpm770_doc0p001_window_0006,test,chatter,1,0.0021158780436962843,2
turning,pca_image_reconstruction,2inchStickout_F_08-Jun-2017_rpm770_doc0p005_window_0001,validation,chatter,1,0.004602629691362381,2
turning,pca_image_reconstruction,2inchStickout_F_08-Jun-2017_rpm770_doc0p010_window_0001,test,chatter,1,0.0032957810908555984,2
turning,pca_image_reconstruction,2inchStickout_F_08-Jun-2017_rpm770_doc0p010_window_0006,test,chatter,1,0.0029491782188415527,2
turning,pca_image_reconstruction,2inchStickout_F_08-Jun-2017_rpm770_doc0p010_window_0009,test,chatter,1,0.0031641132663935423,2
turning,pca_image_reconstruction,2inchStickout_F_08-Jun-2017_rpm770_doc0p010_window_0010,test,chatter,1,0.002929908223450184,2
turning,pca_image_reconstruction,2inchStickout_F_08-Jun-2017_rpm770_doc0p010_window_0012,test,chatter,1,0.0027008585166186094,2
turning,pca_image_reconstruction,2p5inchStickout_F_12-Jun-2017_rpm570_doc0p008_window_0009,validation,no_chatter,0,0.0010591017780825496,2
turning,pca_image_reconstruction,2p5inchStickout_F_12-Jun-2017_rpm570_doc0p010_window_0006,test,no_chatter,0,0.0008567128679715097,2
turning,pca_image_reconstruction,2p5inchStickout_F_12-Jun-2017_rpm570_doc0p010_window_0009,test,no_chatter,0,0.00044062454253435135,2
turning,pca_image_reconstruction,2p5inchStickout_F_12-Jun-2017_rpm570_doc0p012_window_0008,validation,no_chatter,0,0.0007066554971970618,2
turning,pca_image_reconstruction,2p5inchStickout_F_12-Jun-2017_rpm570_doc0p012_window_0009,validation,no_chatter,0,0.0009390405612066388,2
turning,pca_image_reconstruction,2p5inchStickout_F_12-Jun-2017_rpm570_doc0p015_trial2_window_0002,test,chatter,1,0.0019623429980129004,2
turning,pca_image_reconstruction,3inchStickout_F_12-Jun-2017_rpm570_doc0p015_window_0001,test,no_chatter,0,2.665766623977106e-05,2
turning,pca_image_reconstruction,4p5inchStickout_F_12-Jun-2017_rpm570_doc0p005_window_0002,validation,no_chatter,0,8.187434104911517e-06,2
turning,pca_image_reconstruction,4p5inchStickout_F_13-Jun-2017_rpm1030_doc0p015_window_0003,validation,no_chatter,0,0.0011026666034013033,2
turning,pca_image_reconstruction,4p5inchStickout_F_13-Jun-2017_rpm770_doc0p015_window_0001,validation,no_chatter,0,0.00036856142105534673,2
turning,pca_image_reconstruction,4p5inchStickout_F_13-Jun-2017_rpm770_doc0p015_window_0002,validation,no_chatter,0,0.0005117361433804035,2
turning,pca_image_reconstruction,4p5inchStickout_F_13-Jun-2017_rpm770_doc0p015_window_0005,validation,no_chatter,0,0.0005776339094154537,2
turning,one_class_svm_image_features,2inchStickout_F_08-Jun-2017_rpm320_doc0p005_window_0005,validation,no_chatter,0,0.9111391832103531,3
turning,one_class_svm_image_features,2inchStickout_F_08-Jun-2017_rpm320_doc0p005_window_0006,validation,chatter,1,1.2220136475326167,3
turning,one_class_svm_image_features,2inchStickout_F_08-Jun-2017_rpm320_doc0p005_window_0009,validation,chatter,1,0.5550246706678419,3
turning,one_class_svm_image_features,2inchStickout_F_08-Jun-2017_rpm320_doc0p010_window_0011,validation,no_chatter,0,0.07742820417649421,3
turning,one_class_svm_image_features,2inchStickout_F_08-Jun-2017_rpm320_doc0p015_window_0003,validation,no_chatter,0,-0.10732239432062451,3
turning,one_class_svm_image_features,2inchStickout_F_08-Jun-2017_rpm320_doc0p015_window_0014,validation,no_chatter,0,-0.4582694959947413,3
turning,one_class_svm_image_features,2inchStickout_F_08-Jun-2017_rpm320_doc0p020_window_0013,validation,no_chatter,0,-0.25167013088221935,3
turning,one_class_svm_image_features,2inchStickout_F_08-Jun-2017_rpm320_doc0p035_window_0003,validation,no_chatter,0,-0.1187013319854342,3
turning,one_class_svm_image_features,2inchStickout_F_08-Jun-2017_rpm320_doc0p035_window_0022,validation,no_chatter,0,-0.5566290063465547,3
turning,one_class_svm_image_features,2inchStickout_F_08-Jun-2017_rpm320_doc0p040_window_0004,test,no_chatter,0,-0.27812327399245507,3
turning,one_class_svm_image_features,2inchStickout_F_08-Jun-2017_rpm320_doc0p040_window_0012,test,no_chatter,0,-0.5860013248702509,3
turning,one_class_svm_image_features,2inchStickout_F_08-Jun-2017_rpm320_doc0p045_window_0015,validation,no_chatter,0,-0.4603332952712027,3
turning,one_class_svm_image_features,2inchStickout_F_08-Jun-2017_rpm320_doc0p050_window_0014,test,no_chatter,0,-0.5044601845386156,3
turning,one_class_svm_image_features,2inchStickout_F_08-Jun-2017_rpm425_doc0p010_window_0005,validation,no_chatter,0,-0.45208707601778886,3
turning,one_class_svm_image_features,2inchStickout_F_08-Jun-2017_rpm425_doc0p017_window_0005,validation,no_chatter,0,-0.37129595075867194,3
turning,one_class_svm_image_features,2inchStickout_F_08-Jun-2017_rpm425_doc0p020_window_0007,validation,chatter,1,0.9463712604890644,3
turning,one_class_svm_image_features,2inchStickout_F_08-Jun-2017_rpm570_doc0p001_window_0001,validation,no_chatter,0,0.04163895017844044,3
turning,one_class_svm_image_features,2inchStickout_F_08-Jun-2017_rpm570_doc0p010_window_0000,test,no_chatter,0,-0.023636078623668455,3
turning,one_class_svm_image_features,2inchStickout_F_08-Jun-2017_rpm570_doc0p010_window_0004,test,chatter,1,1.3918982808293223,3
turning,one_class_svm_image_features,2inchStickout_F_08-Jun-2017_rpm770_doc0p002_window_0001,validation,chatter,1,1.196344632284571,3
turning,one_class_svm_image_features,2inchStickout_F_08-Jun-2017_rpm770_doc0p002_window_0004,validation,chatter,1,-0.11780707695304793,3
turning,one_class_svm_image_features,2inchStickout_F_08-Jun-2017_rpm770_doc0p002_window_0007,validation,chatter,1,1.1787325078938924,3
turning,one_class_svm_image_features,2inchStickout_F_08-Jun-2017_rpm770_doc0p005_window_0000,validation,chatter,1,1.507437501886433,3
turning,one_class_svm_image_features,2inchStickout_F_08-Jun-2017_rpm770_doc0p005_window_0004,validation,chatter,1,1.507437501886433,3
turning,one_class_svm_image_features,2inchStickout_F_08-Jun-2017_rpm770_doc0p005_window_0008,validation,chatter,1,1.507437501886433,3
turning,one_class_svm_image_features,2inchStickout_F_08-Jun-2017_rpm770_doc0p010_window_0005,test,chatter,1,1.507437501886433,3
turning,one_class_svm_image_features,2p5inchStickout_F_12-Jun-2017_rpm570_doc0p005_window_0008,test,no_chatter,0,0.1475209485687654,3
turning,one_class_svm_image_features,2p5inchStickout_F_12-Jun-2017_rpm570_doc0p012_window_0006,validation,no_chatter,0,-0.487455293256543,3
turning,one_class_svm_image_features,2p5inchStickout_F_12-Jun-2017_rpm570_doc0p014_window_0003,validation,no_chatter,0,-0.3491487135964073,3
turning,one_class_svm_image_features,2p5inchStickout_F_12-Jun-2017_rpm570_doc0p015_trial2_window_0003,test,chatter,1,1.3307940347637304,3
turning,one_class_svm_image_features,3p5inchStickout_F_14-Jun-2017_rpm770_doc0p008_window_0003,test,no_chatter,0,-0.27018995208967556,3
turning,one_class_svm_image_features,3p5inchStickout_F_14-Jun-2017_rpm770_doc0p015_window_0003,validation,no_chatter,0,0.30381992726292517,3
turning,one_class_svm_image_features,4p5inchStickout_F_12-Jun-2017_rpm570_doc0p035_window_0000,validation,no_chatter,0,-0.22177159787482403,3
turning,one_class_svm_image_features,4p5inchStickout_F_13-Jun-2017_rpm1030_doc0p005_window_0002,test,no_chatter,0,-0.10349904933142184,3
turning,one_class_svm_image_features,4p5inchStickout_F_13-Jun-2017_rpm1030_doc0p014_window_0002,validation,no_chatter,0,-0.03470435890835377,3
turning,one_class_svm_image_features,4p5inchStickout_F_13-Jun-2017_rpm770_doc0p020_window_0002,test,no_chatter,0,-0.21398866188789145,3
turning,isolation_forest_image_features,2inchStickout_F_08-Jun-2017_rpm320_doc0p005_window_0005,validation,no_chatter,0,0.07284517107992072,3
turning,isolation_forest_image_features,2inchStickout_F_08-Jun-2017_rpm320_doc0p005_window_0006,validation,chatter,1,0.11313240464265883,3
turning,isolation_forest_image_features,2inchStickout_F_08-Jun-2017_rpm320_doc0p005_window_0009,validation,chatter,1,0.07870184901380106,3
turning,isolation_forest_image_features,2inchStickout_F_08-Jun-2017_rpm320_doc0p010_window_0011,validation,no_chatter,0,0.02619055069217957,3
turning,isolation_forest_image_features,2inchStickout_F_08-Jun-2017_rpm320_doc0p015_window_0003,validation,no_chatter,0,-0.09367111891943036,3
turning,isolation_forest_image_features,2inchStickout_F_08-Jun-2017_rpm320_doc0p015_window_0014,validation,no_chatter,0,-0.12386688746867969,3
turning,isolation_forest_image_features,2inchStickout_F_08-Jun-2017_rpm320_doc0p020_window_0013,validation,no_chatter,0,-0.10575241320898893,3
turning,isolation_forest_image_features,2inchStickout_F_08-Jun-2017_rpm320_doc0p035_window_0003,validation,no_chatter,0,-0.11334829922475703,3
turning,isolation_forest_image_features,2inchStickout_F_08-Jun-2017_rpm320_doc0p035_window_0022,validation,no_chatter,0,-0.11175753511437714,3
turning,isolation_forest_image_features,2inchStickout_F_08-Jun-2017_rpm320_doc0p040_window_0004,test,no_chatter,0,-0.123423845013512,3
turning,isolation_forest_image_features,2inchStickout_F_08-Jun-2017_rpm320_doc0p040_window_0012,test,no_chatter,0,-0.10167342580578675,3
turning,isolation_forest_image_features,2inchStickout_F_08-Jun-2017_rpm320_doc0p045_window_0015,validation,no_chatter,0,-0.1220218811992384,3
turning,isolation_forest_image_features,2inchStickout_F_08-Jun-2017_rpm320_doc0p050_window_0014,test,no_chatter,0,-0.11391425884387046,3
turning,isolation_forest_image_features,2inchStickout_F_08-Jun-2017_rpm425_doc0p010_window_0005,validation,no_chatter,0,-0.08295696569756089,3
turning,isolation_forest_image_features,2inchStickout_F_08-Jun-2017_rpm425_doc0p017_window_0005,validation,no_chatter,0,-0.039228196058459064,3
turning,isolation_forest_image_features,2inchStickout_F_08-Jun-2017_rpm425_doc0p020_window_0007,validation,chatter,1,0.1000107326955918,3
turning,isolation_forest_image_features,2inchStickout_F_08-Jun-2017_rpm570_doc0p001_window_0001,validation,no_chatter,0,-0.032629836349832075,3
turning,isolation_forest_image_features,2inchStickout_F_08-Jun-2017_rpm570_doc0p010_window_0000,test,no_chatter,0,-0.12149929326238229,3
turning,isolation_forest_image_features,2inchStickout_F_08-Jun-2017_rpm570_doc0p010_window_0004,test,chatter,1,0.18443587404790363,3
turning,isolation_forest_image_features,2inchStickout_F_08-Jun-2017_rpm770_doc0p002_window_0001,validation,chatter,1,0.1428348202326315,3
turning,isolation_forest_image_features,2inchStickout_F_08-Jun-2017_rpm770_doc0p002_window_0004,validation,chatter,1,0.05750237594101015,3
turning,isolation_forest_image_features,2inchStickout_F_08-Jun-2017_rpm770_doc0p002_window_0007,validation,chatter,1,0.19427587491314346,3
turning,isolation_forest_image_features,2inchStickout_F_08-Jun-2017_rpm770_doc0p005_window_0000,validation,chatter,1,0.2089562925549654,3
turning,isolation_forest_image_features,2inchStickout_F_08-Jun-2017_rpm770_doc0p005_window_0004,validation,chatter,1,0.2759091284631018,3
turning,isolation_forest_image_features,2inchStickout_F_08-Jun-2017_rpm770_doc0p005_window_0008,validation,chatter,1,0.2751602603390567,3
turning,isolation_forest_image_features,2inchStickout_F_08-Jun-2017_rpm770_doc0p010_window_0005,test,chatter,1,0.2618992880245905,3
turning,isolation_forest_image_features,2p5inchStickout_F_12-Jun-2017_rpm570_doc0p005_window_0008,test,no_chatter,0,-0.027736237883239367,3
turning,isolation_forest_image_features,2p5inchStickout_F_12-Jun-2017_rpm570_doc0p012_window_0006,validation,no_chatter,0,-0.07395280685581013,3
turning,isolation_forest_image_features,2p5inchStickout_F_12-Jun-2017_rpm570_doc0p014_window_0003,validation,no_chatter,0,-0.04632157752988142,3
turning,isolation_forest_image_features,2p5inchStickout_F_12-Jun-2017_rpm570_doc0p015_trial2_window_0003,test,chatter,1,0.21474995394397023,3
turning,isolation_forest_image_features,3p5inchStickout_F_14-Jun-2017_rpm770_doc0p008_window_0003,test,no_chatter,0,-0.06835741022593228,3
turning,isolation_forest_image_features,3p5inchStickout_F_14-Jun-2017_rpm770_doc0p015_window_0003,validation,no_chatter,0,0.11373915143735125,3
turning,isolation_forest_image_features,4p5inchStickout_F_12-Jun-2017_rpm570_doc0p035_window_0000,validation,no_chatter,0,-0.0664172643286659,3
turning,isolation_forest_image_features,4p5inchStickout_F_13-Jun-2017_rpm1030_doc0p005_window_0002,test,no_chatter,0,-0.05037783962696224,3
turning,isolation_forest_image_features,4p5inchStickout_F_13-Jun-2017_rpm1030_doc0p014_window_0002,validation,no_chatter,0,-0.038778866760976194,3
turning,isolation_forest_image_features,4p5inchStickout_F_13-Jun-2017_rpm770_doc0p020_window_0002,test,no_chatter,0,-0.07050290288207423,3
turning,pca_image_reconstruction,2inchStickout_F_08-Jun-2017_rpm320_doc0p005_window_0005,validation,no_chatter,0,0.0014449841110035777,3
turning,pca_image_reconstruction,2inchStickout_F_08-Jun-2017_rpm320_doc0p005_window_0006,validation,chatter,1,0.0020153166260570288,3
turning,pca_image_reconstruction,2inchStickout_F_08-Jun-2017_rpm320_doc0p005_window_0009,validation,chatter,1,0.0015036449767649174,3
turning,pca_image_reconstruction,2inchStickout_F_08-Jun-2017_rpm320_doc0p010_window_0011,validation,no_chatter,0,0.0018448063638061285,3
turning,pca_image_reconstruction,2inchStickout_F_08-Jun-2017_rpm320_doc0p015_window_0003,validation,no_chatter,0,0.0002257891756016761,3
turning,pca_image_reconstruction,2inchStickout_F_08-Jun-2017_rpm320_doc0p015_window_0014,validation,no_chatter,0,0.0004921474610455334,3
turning,pca_image_reconstruction,2inchStickout_F_08-Jun-2017_rpm320_doc0p020_window_0013,validation,no_chatter,0,0.00028767529875040054,3
turning,pca_image_reconstruction,2inchStickout_F_08-Jun-2017_rpm320_doc0p035_window_0003,validation,no_chatter,0,9.705116099212319e-05,3
turning,pca_image_reconstruction,2inchStickout_F_08-Jun-2017_rpm320_doc0p035_window_0022,validation,no_chatter,0,0.0005343050579540431,3
turning,pca_image_reconstruction,2inchStickout_F_08-Jun-2017_rpm320_doc0p040_window_0004,test,no_chatter,0,0.0005125076277181506,3
turning,pca_image_reconstruction,2inchStickout_F_08-Jun-2017_rpm320_doc0p040_window_0012,test,no_chatter,0,0.0006742902914993465,3
turning,pca_image_reconstruction,2inchStickout_F_08-Jun-2017_rpm320_doc0p045_window_0015,validation,no_chatter,0,0.00031389991636388004,3
turning,pca_image_reconstruction,2inchStickout_F_08-Jun-2017_rpm320_doc0p050_window_0014,test,no_chatter,0,0.00040007909410633147,3
turning,pca_image_reconstruction,2inchStickout_F_08-Jun-2017_rpm425_doc0p010_window_0005,validation,no_chatter,0,0.0008317888132296503,3
turning,pca_image_reconstruction,2inchStickout_F_08-Jun-2017_rpm425_doc0p017_window_0005,validation,no_chatter,0,0.0008945464505814016,3
turning,pca_image_reconstruction,2inchStickout_F_08-Jun-2017_rpm425_doc0p020_window_0007,validation,chatter,1,0.0037334177177399397,3
turning,pca_image_reconstruction,2inchStickout_F_08-Jun-2017_rpm570_doc0p001_window_0001,validation,no_chatter,0,0.000701113254763186,3
turning,pca_image_reconstruction,2inchStickout_F_08-Jun-2017_rpm570_doc0p010_window_0000,test,no_chatter,0,1.6198255252675153e-05,3
turning,pca_image_reconstruction,2inchStickout_F_08-Jun-2017_rpm570_doc0p010_window_0004,test,chatter,1,0.0016149258008226752,3
turning,pca_image_reconstruction,2inchStickout_F_08-Jun-2017_rpm770_doc0p002_window_0001,validation,chatter,1,0.002732974709942937,3
turning,pca_image_reconstruction,2inchStickout_F_08-Jun-2017_rpm770_doc0p002_window_0004,validation,chatter,1,0.0027392723131924868,3
turning,pca_image_reconstruction,2inchStickout_F_08-Jun-2017_rpm770_doc0p002_window_0007,validation,chatter,1,0.0029322754126042128,3
turning,pca_image_reconstruction,2inchStickout_F_08-Jun-2017_rpm770_doc0p005_window_0000,validation,chatter,1,0.0029914272017776966,3
turning,pca_image_reconstruction,2inchStickout_F_08-Jun-2017_rpm770_doc0p005_window_0004,validation,chatter,1,0.004774253349751234,3
turning,pca_image_reconstruction,2inchStickout_F_08-Jun-2017_rpm770_doc0p005_window_0008,validation,chatter,1,0.00492243655025959,3
turning,pca_image_reconstruction,2inchStickout_F_08-Jun-2017_rpm770_doc0p010_window_0005,test,chatter,1,0.0032031983137130737,3
turning,pca_image_reconstruction,2p5inchStickout_F_12-Jun-2017_rpm570_doc0p005_window_0008,test,no_chatter,0,0.002471830230206251,3
turning,pca_image_reconstruction,2p5inchStickout_F_12-Jun-2017_rpm570_doc0p012_window_0006,validation,no_chatter,0,0.000577208527829498,3
turning,pca_image_reconstruction,2p5inchStickout_F_12-Jun-2017_rpm570_doc0p014_window_0003,validation,no_chatter,0,0.0006601889035664499,3
turning,pca_image_reconstruction,2p5inchStickout_F_12-Jun-2017_rpm570_doc0p015_trial2_window_0003,test,chatter,1,0.0019369013607501984,3
turning,pca_image_reconstruction,3p5inchStickout_F_14-Jun-2017_rpm770_doc0p008_window_0003,test,no_chatter,0,0.0005917470552958548,3
turning,pca_image_reconstruction,3p5inchStickout_F_14-Jun-2017_rpm770_doc0p015_window_0003,validation,no_chatter,0,0.0022913110442459583,3
turning,pca_image_reconstruction,4p5inchStickout_F_12-Jun-2017_rpm570_doc0p035_window_0000,validation,no_chatter,0,0.0005509614711627364,3
turning,pca_image_reconstruction,4p5inchStickout_F_13-Jun-2017_rpm1030_doc0p005_window_0002,test,no_chatter,0,0.0007429332472383976,3
turning,pca_image_reconstruction,4p5inchStickout_F_13-Jun-2017_rpm1030_doc0p014_window_0002,validation,no_chatter,0,0.0008356316830031574,3
turning,pca_image_reconstruction,4p5inchStickout_F_13-Jun-2017_rpm770_doc0p020_window_0002,test,no_chatter,0,0.0005084339063614607,3
turning,one_class_svm_image_features,2inchStickout_F_08-Jun-2017_rpm1030_doc0p001_window_0003,validation,chatter,1,1.507437501886433,4
turning,one_class_svm_image_features,2inchStickout_F_08-Jun-2017_rpm320_doc0p020_window_0014,validation,no_chatter,0,-0.23350939028030226,4
turning,one_class_svm_image_features,2inchStickout_F_08-Jun-2017_rpm320_doc0p025_window_0004,validation,no_chatter,0,-0.2768750926488661,4
turning,one_class_svm_image_features,2inchStickout_F_08-Jun-2017_rpm320_doc0p030_window_0012,validation,no_chatter,0,-0.368151290620899,4
turning,one_class_svm_image_features,2inchStickout_F_08-Jun-2017_rpm320_doc0p030_window_0020,validation,no_chatter,0,-0.15009021863500593,4
turning,one_class_svm_image_features,2inchStickout_F_08-Jun-2017_rpm320_doc0p045_window_0009,validation,no_chatter,0,-0.2951421868672375,4
turning,one_class_svm_image_features,2inchStickout_F_08-Jun-2017_rpm320_doc0p045_window_0016,validation,no_chatter,0,-0.44348776436483117,4
turning,one_class_svm_image_features,2inchStickout_F_08-Jun-2017_rpm320_doc0p045_window_0017,validation,no_chatter,0,-0.5206399495086218,4
turning,one_class_svm_image_features,2inchStickout_F_08-Jun-2017_rpm320_doc0p050_window_0012,test,no_chatter,0,-0.40633068122390537,4
turning,one_class_svm_image_features,2inchStickout_F_08-Jun-2017_rpm320_doc0p050_window_0022,test,no_chatter,0,-0.45463652179243175,4
turning,one_class_svm_image_features,2inchStickout_F_08-Jun-2017_rpm425_doc0p005_window_0003,test,no_chatter,0,-0.3758128063290598,4
turning,one_class_svm_image_features,2inchStickout_F_08-Jun-2017_rpm425_doc0p015_window_0007,validation,no_chatter,0,-0.4210460607079949,4
turning,one_class_svm_image_features,2inchStickout_F_08-Jun-2017_rpm425_doc0p017_window_0004,validation,no_chatter,0,-0.2757910778704631,4
turning,one_class_svm_image_features,2inchStickout_F_08-Jun-2017_rpm425_doc0p020_window_0006,validation,chatter,1,0.2504100473787465,4
turning,one_class_svm_image_features,2inchStickout_F_08-Jun-2017_rpm570_doc0p001_window_0005,validation,chatter,1,0.7233415210610701,4
turning,one_class_svm_image_features,2inchStickout_F_08-Jun-2017_rpm570_doc0p002_window_0003,test,chatter,1,1.1073940319175124,4
turning,one_class_svm_image_features,2inchStickout_F_08-Jun-2017_rpm570_doc0p010_window_0002,test,chatter,1,0.5064525206895925,4
turning,one_class_svm_image_features,2inchStickout_F_08-Jun-2017_rpm770_doc0p005_window_0002,validation,chatter,1,1.507437501886433,4
turning,one_class_svm_image_features,2inchStickout_F_08-Jun-2017_rpm770_doc0p005_window_0007,validation,chatter,1,1.507437501886433,4
turning,one_class_svm_image_features,2inchStickout_F_08-Jun-2017_rpm770_doc0p005_window_0009,validation,chatter,1,1.507437501886433,4
turning,one_class_svm_image_features,2inchStickout_F_08-Jun-2017_rpm770_doc0p010_window_0003,test,chatter,1,1.507437501886433,4
turning,one_class_svm_image_features,2inchStickout_F_08-Jun-2017_rpm770_doc0p010_window_0004,test,chatter,1,1.507437501886433,4
turning,one_class_svm_image_features,2p5inchStickout_F_12-Jun-2017_rpm570_doc0p010_window_0003,test,no_chatter,0,-0.4052639977442267,4
turning,one_class_svm_image_features,2p5inchStickout_F_12-Jun-2017_rpm570_doc0p012_window_0002,test,chatter,1,0.15830123471178292,4
turning,one_class_svm_image_features,2p5inchStickout_F_12-Jun-2017_rpm570_doc0p014_window_0004,validation,no_chatter,0,-0.41174697475760125,4
turning,one_class_svm_image_features,2p5inchStickout_F_12-Jun-2017_rpm570_doc0p014_window_0005,validation,no_chatter,0,-0.40553280250839796,4
turning,one_class_svm_image_features,2p5inchStickout_F_12-Jun-2017_rpm570_doc0p015_window_0000,validation,no_chatter,0,-0.07094419299161392,4
turning,one_class_svm_image_features,2p5inchStickout_F_12-Jun-2017_rpm570_doc0p015_trial2_window_0005,test,chatter,1,0.9487551733399686,4
turning,one_class_svm_image_features,3p5inchStickout_F_12-Jun-2017_rpm570_doc0p025_window_0000,validation,no_chatter,0,-0.027974198012263418,4
turning,one_class_svm_image_features,3p5inchStickout_F_12-Jun-2017_rpm570_doc0p025_window_0003,validation,no_chatter,0,-0.246950868380162,4
turning,one_class_svm_image_features,3p5inchStickout_F_12-Jun-2017_rpm570_doc0p030_window_0009,test,no_chatter,0,-0.033633404430490677,4
turning,one_class_svm_image_features,4p5inchStickout_F_12-Jun-2017_rpm570_doc0p005_window_0000,validation,no_chatter,0,0.0016233258738478362,4
turning,one_class_svm_image_features,4p5inchStickout_F_12-Jun-2017_rpm570_doc0p010_window_0002,test,no_chatter,0,-0.003106825996122442,4
turning,one_class_svm_image_features,4p5inchStickout_F_12-Jun-2017_rpm570_doc0p035_window_0001,validation,no_chatter,0,-0.15726871358561212,4
turning,one_class_svm_image_features,4p5inchStickout_F_13-Jun-2017_rpm1030_doc0p016_window_0000,test,no_chatter,0,-0.03787211988150152,4
turning,one_class_svm_image_features,4p5inchStickout_F_13-Jun-2017_rpm770_doc0p010_window_0003,test,no_chatter,0,-0.17166509630347004,4
turning,isolation_forest_image_features,2inchStickout_F_08-Jun-2017_rpm1030_doc0p001_window_0003,validation,chatter,1,0.2822344052679904,4
turning,isolation_forest_image_features,2inchStickout_F_08-Jun-2017_rpm320_doc0p020_window_0014,validation,no_chatter,0,-0.10331508078428364,4
turning,isolation_forest_image_features,2inchStickout_F_08-Jun-2017_rpm320_doc0p025_window_0004,validation,no_chatter,0,-0.12188019370262132,4
turning,isolation_forest_image_features,2inchStickout_F_08-Jun-2017_rpm320_doc0p030_window_0012,validation,no_chatter,0,-0.12636996735892342,4
turning,isolation_forest_image_features,2inchStickout_F_08-Jun-2017_rpm320_doc0p030_window_0020,validation,no_chatter,0,-0.057093578065653905,4
turning,isolation_forest_image_features,2inchStickout_F_08-Jun-2017_rpm320_doc0p045_window_0009,validation,no_chatter,0,-0.11063717669660295,4
turning,isolation_forest_image_features,2inchStickout_F_08-Jun-2017_rpm320_doc0p045_window_0016,validation,no_chatter,0,-0.11065501818601875,4
turning,isolation_forest_image_features,2inchStickout_F_08-Jun-2017_rpm320_doc0p045_window_0017,validation,no_chatter,0,-0.1138733695628355,4
turning,isolation_forest_image_features,2inchStickout_F_08-Jun-2017_rpm320_doc0p050_window_0012,test,no_chatter,0,-0.12425363743763895,4
turning,isolation_forest_image_features,2inchStickout_F_08-Jun-2017_rpm320_doc0p050_window_0022,test,no_chatter,0,-0.11754999145069533,4
turning,isolation_forest_image_features,2inchStickout_F_08-Jun-2017_rpm425_doc0p005_window_0003,test,no_chatter,0,-0.11796498665968858,4
turning,isolation_forest_image_features,2inchStickout_F_08-Jun-2017_rpm425_doc0p015_window_0007,validation,no_chatter,0,-0.08654445968161667,4
turning,isolation_forest_image_features,2inchStickout_F_08-Jun-2017_rpm425_doc0p017_window_0004,validation,no_chatter,0,0.004050241373626529,4
turning,isolation_forest_image_features,2inchStickout_F_08-Jun-2017_rpm425_doc0p020_window_0006,validation,chatter,1,0.09822748624880406,4
turning,isolation_forest_image_features,2inchStickout_F_08-Jun-2017_rpm570_doc0p001_window_0005,validation,chatter,1,0.19159467621460058,4
turning,isolation_forest_image_features,2inchStickout_F_08-Jun-2017_rpm570_doc0p002_window_0003,test,chatter,1,0.15287586896767713,4
turning,isolation_forest_image_features,2inchStickout_F_08-Jun-2017_rpm570_doc0p010_window_0002,test,chatter,1,0.14178816815194473,4
turning,isolation_forest_image_features,2inchStickout_F_08-Jun-2017_rpm770_doc0p005_window_0002,validation,chatter,1,0.2832936199440851,4
turning,isolation_forest_image_features,2inchStickout_F_08-Jun-2017_rpm770_doc0p005_window_0007,validation,chatter,1,0.2811766229228906,4
turning,isolation_forest_image_features,2inchStickout_F_08-Jun-2017_rpm770_doc0p005_window_0009,validation,chatter,1,0.27620989599628054,4
turning,isolation_forest_image_features,2inchStickout_F_08-Jun-2017_rpm770_doc0p010_window_0003,test,chatter,1,0.2576638302244434,4
turning,isolation_forest_image_features,2inchStickout_F_08-Jun-2017_rpm770_doc0p010_window_0004,test,chatter,1,0.25393280614642266,4
turning,isolation_forest_image_features,2p5inchStickout_F_12-Jun-2017_rpm570_doc0p010_window_0003,test,no_chatter,0,-0.07559175354383618,4
turning,isolation_forest_image_features,2p5inchStickout_F_12-Jun-2017_rpm570_doc0p012_window_0002,test,chatter,1,0.05170286565934956,4
turning,isolation_forest_image_features,2p5inchStickout_F_12-Jun-2017_rpm570_doc0p014_window_0004,validation,no_chatter,0,-0.059658560157503426,4
turning,isolation_forest_image_features,2p5inchStickout_F_12-Jun-2017_rpm570_doc0p014_window_0005,validation,no_chatter,0,-0.06729326659170748,4
turning,isolation_forest_image_features,2p5inchStickout_F_12-Jun-2017_rpm570_doc0p015_window_0000,validation,no_chatter,0,-0.11871166931948701,4
turning,isolation_forest_image_features,2p5inchStickout_F_12-Jun-2017_rpm570_doc0p015_trial2_window_0005,test,chatter,1,0.18309272988322833,4
turning,isolation_forest_image_features,3p5inchStickout_F_12-Jun-2017_rpm570_doc0p025_window_0000,validation,no_chatter,0,-0.07422925165746264,4
turning,isolation_forest_image_features,3p5inchStickout_F_12-Jun-2017_rpm570_doc0p025_window_0003,validation,no_chatter,0,-0.06325056965359521,4
turning,isolation_forest_image_features,3p5inchStickout_F_12-Jun-2017_rpm570_doc0p030_window_0009,test,no_chatter,0,0.042472837389470275,4
turning,isolation_forest_image_features,4p5inchStickout_F_12-Jun-2017_rpm570_doc0p005_window_0000,validation,no_chatter,0,-0.07383411191538919,4
turning,isolation_forest_image_features,4p5inchStickout_F_12-Jun-2017_rpm570_doc0p010_window_0002,test,no_chatter,0,-0.07864061314596715,4
turning,isolation_forest_image_features,4p5inchStickout_F_12-Jun-2017_rpm570_doc0p035_window_0001,validation,no_chatter,0,-0.01904670120726898,4
turning,isolation_forest_image_features,4p5inchStickout_F_13-Jun-2017_rpm1030_doc0p016_window_0000,test,no_chatter,0,-0.06330912088396945,4
turning,isolation_forest_image_features,4p5inchStickout_F_13-Jun-2017_rpm770_doc0p010_window_0003,test,no_chatter,0,-0.05780784679772227,4
turning,pca_image_reconstruction,2inchStickout_F_08-Jun-2017_rpm1030_doc0p001_window_0003,validation,chatter,1,0.0064100963063538074,4
turning,pca_image_reconstruction,2inchStickout_F_08-Jun-2017_rpm320_doc0p020_window_0014,validation,no_chatter,0,0.0002799103385768831,4
turning,pca_image_reconstruction,2inchStickout_F_08-Jun-2017_rpm320_doc0p025_window_0004,validation,no_chatter,0,0.0002458303642924875,4
turning,pca_image_reconstruction,2inchStickout_F_08-Jun-2017_rpm320_doc0p030_window_0012,validation,no_chatter,0,0.00024239675258286297,4
turning,pca_image_reconstruction,2inchStickout_F_08-Jun-2017_rpm320_doc0p030_window_0020,validation,no_chatter,0,0.0007869037799537182,4
turning,pca_image_reconstruction,2inchStickout_F_08-Jun-2017_rpm320_doc0p045_window_0009,validation,no_chatter,0,0.00031931622652336955,4
turning,pca_image_reconstruction,2inchStickout_F_08-Jun-2017_rpm320_doc0p045_window_0016,validation,no_chatter,0,0.0003566613595467061,4
turning,pca_image_reconstruction,2inchStickout_F_08-Jun-2017_rpm320_doc0p045_window_0017,validation,no_chatter,0,0.0005411460879258811,4
turning,pca_image_reconstruction,2inchStickout_F_08-Jun-2017_rpm320_doc0p050_window_0012,test,no_chatter,0,0.0002631375682540238,4
turning,pca_image_reconstruction,2inchStickout_F_08-Jun-2017_rpm320_doc0p050_window_0022,test,no_chatter,0,0.00037565839011222124,4
turning,pca_image_reconstruction,2inchStickout_F_08-Jun-2017_rpm425_doc0p005_window_0003,test,no_chatter,0,0.0005043054115958512,4
turning,pca_image_reconstruction,2inchStickout_F_08-Jun-2017_rpm425_doc0p015_window_0007,validation,no_chatter,0,0.0010790809756144881,4
turning,pca_image_reconstruction,2inchStickout_F_08-Jun-2017_rpm425_doc0p017_window_0004,validation,no_chatter,0,0.001103132963180542,4
turning,pca_image_reconstruction,2inchStickout_F_08-Jun-2017_rpm425_doc0p020_window_0006,validation,chatter,1,0.0033801645040512085,4
turning,pca_image_reconstruction,2inchStickout_F_08-Jun-2017_rpm570_doc0p001_window_0005,validation,chatter,1,0.0017005930421873927,4
turning,pca_image_reconstruction,2inchStickout_F_08-Jun-2017_rpm570_doc0p002_window_0003,test,chatter,1,0.003142219502478838,4
turning,pca_image_reconstruction,2inchStickout_F_08-Jun-2017_rpm570_doc0p010_window_0002,test,chatter,1,0.001938247005455196,4
turning,pca_image_reconstruction,2inchStickout_F_08-Jun-2017_rpm770_doc0p005_window_0002,validation,chatter,1,0.005656011868268251,4
turning,pca_image_reconstruction,2inchStickout_F_08-Jun-2017_rpm770_doc0p005_window_0007,validation,chatter,1,0.005307983607053757,4
turning,pca_image_reconstruction,2inchStickout_F_08-Jun-2017_rpm770_doc0p005_window_0009,validation,chatter,1,0.004593731369823217,4
turning,pca_image_reconstruction,2inchStickout_F_08-Jun-2017_rpm770_doc0p010_window_0003,test,chatter,1,0.002673245267942548,4
turning,pca_image_reconstruction,2inchStickout_F_08-Jun-2017_rpm770_doc0p010_window_0004,test,chatter,1,0.0027852822095155716,4
turning,pca_image_reconstruction,2p5inchStickout_F_12-Jun-2017_rpm570_doc0p010_window_0003,test,no_chatter,0,0.0003953250707127154,4
turning,pca_image_reconstruction,2p5inchStickout_F_12-Jun-2017_rpm570_doc0p012_window_0002,test,chatter,1,0.0015520879533141851,4
turning,pca_image_reconstruction,2p5inchStickout_F_12-Jun-2017_rpm570_doc0p014_window_0004,validation,no_chatter,0,0.0005444266134873033,4
turning,pca_image_reconstruction,2p5inchStickout_F_12-Jun-2017_rpm570_doc0p014_window_0005,validation,no_chatter,0,0.0004934502649120986,4
turning,pca_image_reconstruction,2p5inchStickout_F_12-Jun-2017_rpm570_doc0p015_window_0000,validation,no_chatter,0,0.00013189575111027807,4
turning,pca_image_reconstruction,2p5inchStickout_F_12-Jun-2017_rpm570_doc0p015_trial2_window_0005,test,chatter,1,0.0024125147610902786,4
turning,pca_image_reconstruction,3p5inchStickout_F_12-Jun-2017_rpm570_doc0p025_window_0000,validation,no_chatter,0,8.831126251607202e-06,4
turning,pca_image_reconstruction,3p5inchStickout_F_12-Jun-2017_rpm570_doc0p025_window_0003,validation,no_chatter,0,0.0007866409723646939,4
turning,pca_image_reconstruction,3p5inchStickout_F_12-Jun-2017_rpm570_doc0p030_window_0009,test,no_chatter,0,0.0018681049114093184,4
turning,pca_image_reconstruction,4p5inchStickout_F_12-Jun-2017_rpm570_doc0p005_window_0000,validation,no_chatter,0,8.64802404976217e-06,4
turning,pca_image_reconstruction,4p5inchStickout_F_12-Jun-2017_rpm570_doc0p010_window_0002,test,no_chatter,0,8.03474358690437e-06,4
turning,pca_image_reconstruction,4p5inchStickout_F_12-Jun-2017_rpm570_doc0p035_window_0001,validation,no_chatter,0,0.0008860116940923035,4
turning,pca_image_reconstruction,4p5inchStickout_F_13-Jun-2017_rpm1030_doc0p016_window_0000,test,no_chatter,0,1.7853491954156198e-05,4
turning,pca_image_reconstruction,4p5inchStickout_F_13-Jun-2017_rpm770_doc0p010_window_0003,test,no_chatter,0,0.0007364466437138617,4
turning,one_class_svm_image_features,2inchStickout_F_08-Jun-2017_rpm320_doc0p005_window_0008,validation,chatter,1,1.3220388410928334,5
turning,one_class_svm_image_features,2inchStickout_F_08-Jun-2017_rpm320_doc0p005_window_0010,validation,chatter,1,0.2733111090585876,5
turning,one_class_svm_image_features,2inchStickout_F_08-Jun-2017_rpm320_doc0p010_window_0006,validation,no_chatter,0,-0.2975564663829928,5
turning,one_class_svm_image_features,2inchStickout_F_08-Jun-2017_rpm320_doc0p010_window_0013,validation,no_chatter,0,-0.08389216037181613,5
turning,one_class_svm_image_features,2inchStickout_F_08-Jun-2017_rpm320_doc0p015_window_0001,validation,no_chatter,0,-0.06427918615804962,5
turning,one_class_svm_image_features,2inchStickout_F_08-Jun-2017_rpm320_doc0p015_window_0013,validation,no_chatter,0,-0.3894401094769855,5
turning,one_class_svm_image_features,2inchStickout_F_08-Jun-2017_rpm320_doc0p020_window_0003,validation,no_chatter,0,-0.07786472398076105,5
turning,one_class_svm_image_features,2inchStickout_F_08-Jun-2017_rpm320_doc0p025_window_0003,validation,no_chatter,0,-0.1519543878471048,5
turning,one_class_svm_image_features,2inchStickout_F_08-Jun-2017_rpm320_doc0p025_window_0008,validation,no_chatter,0,-0.3437372711741946,5
turning,one_class_svm_image_features,2inchStickout_F_08-Jun-2017_rpm320_doc0p030_window_0019,validation,no_chatter,0,-0.18287714495449903,5
turning,one_class_svm_image_features,2inchStickout_F_08-Jun-2017_rpm320_doc0p040_window_0003,test,no_chatter,0,-0.018258775697680196,5
turning,one_class_svm_image_features,2inchStickout_F_08-Jun-2017_rpm320_doc0p050_window_0003,test,no_chatter,0,-0.014416866854713328,5
turning,one_class_svm_image_features,2inchStickout_F_08-Jun-2017_rpm320_doc0p050_window_0013,test,no_chatter,0,-0.47860649679366585,5
turning,one_class_svm_image_features,2inchStickout_F_08-Jun-2017_rpm320_doc0p060_xAccDetached_window_0003,validation,no_chatter,0,-0.307440254853691,5
turning,one_class_svm_image_features,2inchStickout_F_08-Jun-2017_rpm425_doc0p005_window_0005,test,no_chatter,0,-0.35539765029123505,5
turning,one_class_svm_image_features,2inchStickout_F_08-Jun-2017_rpm425_doc0p025_window_0004,validation,chatter,1,0.4618096900739437,5
turning,one_class_svm_image_features,2inchStickout_F_08-Jun-2017_rpm425_doc0p025_window_0007,validation,chatter,1,0.5516509063910126,5
turning,one_class_svm_image_features,2inchStickout_F_08-Jun-2017_rpm570_doc0p010_window_0001,test,no_chatter,0,-0.1810215280182348,5
turning,one_class_svm_image_features,2inchStickout_F_08-Jun-2017_rpm570_doc0p010_window_0003,test,chatter,1,0.25666699311518437,5
turning,one_class_svm_image_features,2inchStickout_F_08-Jun-2017_rpm570_doc0p010_window_0005,test,chatter,1,1.503871732892511,5
turning,one_class_svm_image_features,2inchStickout_F_08-Jun-2017_rpm770_doc0p001_window_0000,test,no_chatter,0,-0.01976371260853038,5
turning,one_class_svm_image_features,2inchStickout_F_08-Jun-2017_rpm770_doc0p001_window_0007,test,chatter,1,1.5045972682885234,5
turning,one_class_svm_image_features,2inchStickout_F_08-Jun-2017_rpm770_doc0p005_window_0005,validation,chatter,1,1.507437501886433,5
turning,one_class_svm_image_features,2inchStickout_F_08-Jun-2017_rpm770_doc0p005_window_0006,validation,chatter,1,1.507437501886433,5
turning,one_class_svm_image_features,2inchStickout_F_08-Jun-2017_rpm770_doc0p010_window_0007,test,chatter,1,1.507437501886433,5
turning,one_class_svm_image_features,2inchStickout_F_08-Jun-2017_rpm770_doc0p010_window_0011,test,chatter,1,1.507437501886433,5
turning,one_class_svm_image_features,2inchStickout_F_08-Jun-2017_smoothingCut2_noChatter_window_0007,test,no_chatter,0,-0.2931903881073794,5
turning,one_class_svm_image_features,2inchStickout_F_08-Jun-2017_smoothingCut2_noChatter_window_0010,test,no_chatter,0,-0.3586339067251274,5
turning,one_class_svm_image_features,2p5inchStickout_F_12-Jun-2017_rpm570_doc0p005_window_0004,test,no_chatter,0,-0.3121620677015162,5
turning,one_class_svm_image_features,2p5inchStickout_F_12-Jun-2017_rpm570_doc0p015_trial2_window_0004,test,chatter,1,1.2224618263561906,5
turning,one_class_svm_image_features,3p5inchStickout_F_12-Jun-2017_rpm570_doc0p030_window_0001,test,no_chatter,0,-0.032747830053452276,5
turning,one_class_svm_image_features,4p5inchStickout_F_12-Jun-2017_rpm570_doc0p005_window_0005,validation,no_chatter,0,0.019297882406236644,5
turning,one_class_svm_image_features,4p5inchStickout_F_12-Jun-2017_rpm570_doc0p035_window_0010,validation,no_chatter,0,-0.03496533076559105,5
turning,one_class_svm_image_features,4p5inchStickout_F_13-Jun-2017_rpm1030_doc0p005_window_0001,test,no_chatter,0,-0.013801686110975986,5
turning,one_class_svm_image_features,4p5inchStickout_F_13-Jun-2017_rpm1030_doc0p013_window_0002,test,no_chatter,0,-0.09455202259481821,5
turning,isolation_forest_image_features,2inchStickout_F_08-Jun-2017_rpm320_doc0p005_window_0008,validation,chatter,1,0.13007884631376398,5
turning,isolation_forest_image_features,2inchStickout_F_08-Jun-2017_rpm320_doc0p005_window_0010,validation,chatter,1,0.05106180112597869,5
turning,isolation_forest_image_features,2inchStickout_F_08-Jun-2017_rpm320_doc0p010_window_0006,validation,no_chatter,0,-0.11974988137580783,5
turning,isolation_forest_image_features,2inchStickout_F_08-Jun-2017_rpm320_doc0p010_window_0013,validation,no_chatter,0,-0.010949844487745997,5
turning,isolation_forest_image_features,2inchStickout_F_08-Jun-2017_rpm320_doc0p015_window_0001,validation,no_chatter,0,-0.12199916703784675,5
turning,isolation_forest_image_features,2inchStickout_F_08-Jun-2017_rpm320_doc0p015_window_0013,validation,no_chatter,0,-0.12346833329142914,5
turning,isolation_forest_image_features,2inchStickout_F_08-Jun-2017_rpm320_doc0p020_window_0003,validation,no_chatter,0,-0.12140738143010094,5
turning,isolation_forest_image_features,2inchStickout_F_08-Jun-2017_rpm320_doc0p025_window_0003,validation,no_chatter,0,-0.09510791926158502,5
turning,isolation_forest_image_features,2inchStickout_F_08-Jun-2017_rpm320_doc0p025_window_0008,validation,no_chatter,0,-0.1277301178964611,5
turning,isolation_forest_image_features,2inchStickout_F_08-Jun-2017_rpm320_doc0p030_window_0019,validation,no_chatter,0,-0.07596819709928909,5
turning,isolation_forest_image_features,2inchStickout_F_08-Jun-2017_rpm320_doc0p040_window_0003,test,no_chatter,0,-0.0634905858796273,5
turning,isolation_forest_image_features,2inchStickout_F_08-Jun-2017_rpm320_doc0p050_window_0003,test,no_chatter,0,-0.05863026962253093,5
turning,isolation_forest_image_features,2inchStickout_F_08-Jun-2017_rpm320_doc0p050_window_0013,test,no_chatter,0,-0.11414399045314405,5
turning,isolation_forest_image_features,2inchStickout_F_08-Jun-2017_rpm320_doc0p060_xAccDetached_window_0003,validation,no_chatter,0,-0.11033546547024242,5
turning,isolation_forest_image_features,2inchStickout_F_08-Jun-2017_rpm425_doc0p005_window_0005,test,no_chatter,0,-0.09988413594060719,5
turning,isolation_forest_image_features,2inchStickout_F_08-Jun-2017_rpm425_doc0p025_window_0004,validation,chatter,1,0.13619390616402016,5
turning,isolation_forest_image_features,2inchStickout_F_08-Jun-2017_rpm425_doc0p025_window_0007,validation,chatter,1,0.12878522639962786,5
turning,isolation_forest_image_features,2inchStickout_F_08-Jun-2017_rpm570_doc0p010_window_0001,test,no_chatter,0,-0.049670727987953744,5
turning,isolation_forest_image_features,2inchStickout_F_08-Jun-2017_rpm570_doc0p010_window_0003,test,chatter,1,0.1397247830106041,5
turning,isolation_forest_image_features,2inchStickout_F_08-Jun-2017_rpm570_doc0p010_window_0005,test,chatter,1,0.19728088071288397,5
turning,isolation_forest_image_features,2inchStickout_F_08-Jun-2017_rpm770_doc0p001_window_0000,test,no_chatter,0,-0.11251125491344777,5
turning,isolation_forest_image_features,2inchStickout_F_08-Jun-2017_rpm770_doc0p001_window_0007,test,chatter,1,0.22312125130476212,5
turning,isolation_forest_image_features,2inchStickout_F_08-Jun-2017_rpm770_doc0p005_window_0005,validation,chatter,1,0.282763833443506,5
turning,isolation_forest_image_features,2inchStickout_F_08-Jun-2017_rpm770_doc0p005_window_0006,validation,chatter,1,0.27485989952103196,5
turning,isolation_forest_image_features,2inchStickout_F_08-Jun-2017_rpm770_doc0p010_window_0007,test,chatter,1,0.2508784063216827,5
turning,isolation_forest_image_features,2inchStickout_F_08-Jun-2017_rpm770_doc0p010_window_0011,test,chatter,1,0.2709758923064425,5
turning,isolation_forest_image_features,2inchStickout_F_08-Jun-2017_smoothingCut2_noChatter_window_0007,test,no_chatter,0,-0.1081288933095434,5
turning,isolation_forest_image_features,2inchStickout_F_08-Jun-2017_smoothingCut2_noChatter_window_0010,test,no_chatter,0,-0.1069663804743824,5
turning,isolation_forest_image_features,2p5inchStickout_F_12-Jun-2017_rpm570_doc0p005_window_0004,test,no_chatter,0,-0.035044129418366377,5
turning,isolation_forest_image_features,2p5inchStickout_F_12-Jun-2017_rpm570_doc0p015_trial2_window_0004,test,chatter,1,0.21914427256798463,5
turning,isolation_forest_image_features,3p5inchStickout_F_12-Jun-2017_rpm570_doc0p030_window_0001,test,no_chatter,0,-0.07878395669364596,5
turning,isolation_forest_image_features,4p5inchStickout_F_12-Jun-2017_rpm570_doc0p005_window_0005,validation,no_chatter,0,-0.02927040429222555,5
turning,isolation_forest_image_features,4p5inchStickout_F_12-Jun-2017_rpm570_doc0p035_window_0010,validation,no_chatter,0,-0.0716916201577566,5
turning,isolation_forest_image_features,4p5inchStickout_F_13-Jun-2017_rpm1030_doc0p005_window_0001,test,no_chatter,0,-0.010784904674466356,5
turning,isolation_forest_image_features,4p5inchStickout_F_13-Jun-2017_rpm1030_doc0p013_window_0002,test,no_chatter,0,-0.026784801162385075,5
turning,pca_image_reconstruction,2inchStickout_F_08-Jun-2017_rpm320_doc0p005_window_0008,validation,chatter,1,0.0023622121661901474,5
turning,pca_image_reconstruction,2inchStickout_F_08-Jun-2017_rpm320_doc0p005_window_0010,validation,chatter,1,0.0010839258320629597,5
turning,pca_image_reconstruction,2inchStickout_F_08-Jun-2017_rpm320_doc0p010_window_0006,validation,no_chatter,0,0.00027394815697334707,5
turning,pca_image_reconstruction,2inchStickout_F_08-Jun-2017_rpm320_doc0p010_window_0013,validation,no_chatter,0,0.001210323884151876,5
turning,pca_image_reconstruction,2inchStickout_F_08-Jun-2017_rpm320_doc0p015_window_0001,validation,no_chatter,0,1.1151178114232607e-05,5
turning,pca_image_reconstruction,2inchStickout_F_08-Jun-2017_rpm320_doc0p015_window_0013,validation,no_chatter,0,0.0002627396024763584,5
turning,pca_image_reconstruction,2inchStickout_F_08-Jun-2017_rpm320_doc0p020_window_0003,validation,no_chatter,0,2.104853410855867e-05,5
turning,pca_image_reconstruction,2inchStickout_F_08-Jun-2017_rpm320_doc0p025_window_0003,validation,no_chatter,0,0.000678065640386194,5
turning,pca_image_reconstruction,2inchStickout_F_08-Jun-2017_rpm320_doc0p025_window_0008,validation,no_chatter,0,0.00024664541706442833,5
turning,pca_image_reconstruction,2inchStickout_F_08-Jun-2017_rpm320_doc0p030_window_0019,validation,no_chatter,0,0.0006693431059829891,5
turning,pca_image_reconstruction,2inchStickout_F_08-Jun-2017_rpm320_doc0p040_window_0003,test,no_chatter,0,0.0006999651086516678,5
turning,pca_image_reconstruction,2inchStickout_F_08-Jun-2017_rpm320_doc0p050_window_0003,test,no_chatter,0,0.001207780558615923,5
turning,pca_image_reconstruction,2inchStickout_F_08-Jun-2017_rpm320_doc0p050_window_0013,test,no_chatter,0,0.0005101231508888304,5
turning,pca_image_reconstruction,2inchStickout_F_08-Jun-2017_rpm320_doc0p060_xAccDetached_window_0003,validation,no_chatter,0,0.0001917249319376424,5
turning,pca_image_reconstruction,2inchStickout_F_08-Jun-2017_rpm425_doc0p005_window_0005,test,no_chatter,0,0.0004266553441993892,5
turning,pca_image_reconstruction,2inchStickout_F_08-Jun-2017_rpm425_doc0p025_window_0004,validation,chatter,1,0.001858242554590106,5
turning,pca_image_reconstruction,2inchStickout_F_08-Jun-2017_rpm425_doc0p025_window_0007,validation,chatter,1,0.0014959645923227072,5
turning,pca_image_reconstruction,2inchStickout_F_08-Jun-2017_rpm570_doc0p010_window_0001,test,no_chatter,0,0.0008205886115320027,5
turning,pca_image_reconstruction,2inchStickout_F_08-Jun-2017_rpm570_doc0p010_window_0003,test,chatter,1,0.001766305067576468,5
turning,pca_image_reconstruction,2inchStickout_F_08-Jun-2017_rpm570_doc0p010_window_0005,test,chatter,1,0.0020584315061569214,5
turning,pca_image_reconstruction,2inchStickout_F_08-Jun-2017_rpm770_doc0p001_window_0000,test,no_chatter,0,2.029587449214887e-05,5
turning,pca_image_reconstruction,2inchStickout_F_08-Jun-2017_rpm770_doc0p001_window_0007,test,chatter,1,0.0036835414357483387,5
turning,pca_image_reconstruction,2inchStickout_F_08-Jun-2017_rpm770_doc0p005_window_0005,validation,chatter,1,0.005269533488899469,5
turning,pca_image_reconstruction,2inchStickout_F_08-Jun-2017_rpm770_doc0p005_window_0006,validation,chatter,1,0.005390847567468882,5
turning,pca_image_reconstruction,2inchStickout_F_08-Jun-2017_rpm770_doc0p010_window_0007,test,chatter,1,0.0025208669248968363,5
turning,pca_image_reconstruction,2inchStickout_F_08-Jun-2017_rpm770_doc0p010_window_0011,test,chatter,1,0.003494932083413005,5
turning,pca_image_reconstruction,2inchStickout_F_08-Jun-2017_smoothingCut2_noChatter_window_0007,test,no_chatter,0,0.0006419190904125571,5
turning,pca_image_reconstruction,2inchStickout_F_08-Jun-2017_smoothingCut2_noChatter_window_0010,test,no_chatter,0,0.000596461002714932,5
turning,pca_image_reconstruction,2p5inchStickout_F_12-Jun-2017_rpm570_doc0p005_window_0004,test,no_chatter,0,0.0012700159568339586,5
turning,pca_image_reconstruction,2p5inchStickout_F_12-Jun-2017_rpm570_doc0p015_trial2_window_0004,test,chatter,1,0.002096173819154501,5
turning,pca_image_reconstruction,3p5inchStickout_F_12-Jun-2017_rpm570_doc0p030_window_0001,test,no_chatter,0,9.455350664211437e-06,5
turning,pca_image_reconstruction,4p5inchStickout_F_12-Jun-2017_rpm570_doc0p005_window_0005,validation,no_chatter,0,0.00032477392232976854,5
turning,pca_image_reconstruction,4p5inchStickout_F_12-Jun-2017_rpm570_doc0p035_window_0010,validation,no_chatter,0,1.1400823495932855e-05,5
turning,pca_image_reconstruction,4p5inchStickout_F_13-Jun-2017_rpm1030_doc0p005_window_0001,test,no_chatter,0,0.0009282263345085084,5
turning,pca_image_reconstruction,4p5inchStickout_F_13-Jun-2017_rpm1030_doc0p013_window_0002,test,no_chatter,0,0.0009380649426020682,5
