source_dataset,process,stickout,source_run,rpm,doc,window,sample_id,label,original_image_split,npz_path,image_path,split,target,global_mse,global_mae,sve_max,sve_topk
turning,turning,2inchStickout,2inchStickout/F_08-Jun-2017_rpm1030_doc0p001,1030.0,0p001,1,2inchStickout_F_08-Jun-2017_rpm1030_doc0p001_window_0001,chatter,validation,"data/01_windowed_labeled_2,5s/2inchStickout/F_08-Jun-2017_rpm1030_doc0p001/F_08-Jun-2017_rpm1030_doc0p001_window_0001.npz",data/02_spectrograms_150x100px_dataset/validation/chatter/2inchStickout_F_08-Jun-2017_rpm1030_doc0p001_window_0001_chatter.png,validation,1,0.030536773,0.12193266,0.041701328,0.03672765
turning,turning,2inchStickout,2inchStickout/F_08-Jun-2017_rpm1030_doc0p001,1030.0,0p001,2,2inchStickout_F_08-Jun-2017_rpm1030_doc0p001_window_0002,chatter,validation,"data/01_windowed_labeled_2,5s/2inchStickout/F_08-Jun-2017_rpm1030_doc0p001/F_08-Jun-2017_rpm1030_doc0p001_window_0002.npz",data/02_spectrograms_150x100px_dataset/validation/chatter/2inchStickout_F_08-Jun-2017_rpm1030_doc0p001_window_0002_chatter.png,validation,1,0.03758923,0.14270474,0.047436796,0.04332303
turning,turning,2inchStickout,2inchStickout/F_08-Jun-2017_rpm1030_doc0p001,1030.0,0p001,3,2inchStickout_F_08-Jun-2017_rpm1030_doc0p001_window_0003,chatter,validation,"data/01_windowed_labeled_2,5s/2inchStickout/F_08-Jun-2017_rpm1030_doc0p001/F_08-Jun-2017_rpm1030_doc0p001_window_0003.npz",data/02_spectrograms_150x100px_dataset/validation/chatter/2inchStickout_F_08-Jun-2017_rpm1030_doc0p001_window_0003_chatter.png,validation,1,0.037522748,0.14573579,0.043927215,0.040683214
turning,turning,2inchStickout,2inchStickout/F_08-Jun-2017_rpm320_doc0p005,320.0,0p005,5,2inchStickout_F_08-Jun-2017_rpm320_doc0p005_window_0005,no_chatter,validation,"data/01_windowed_labeled_2,5s/2inchStickout/F_08-Jun-2017_rpm320_doc0p005/F_08-Jun-2017_rpm320_doc0p005_window_0005.npz",data/02_spectrograms_150x100px_dataset/validation/no_chatter/2inchStickout_F_08-Jun-2017_rpm320_doc0p005_window_0005_no_chatter.png,validation,0,0.005719466,0.03814839,0.007539071,0.0068386006
turning,turning,2inchStickout,2inchStickout/F_08-Jun-2017_rpm320_doc0p005,320.0,0p005,6,2inchStickout_F_08-Jun-2017_rpm320_doc0p005_window_0006,chatter,validation,"data/01_windowed_labeled_2,5s/2inchStickout/F_08-Jun-2017_rpm320_doc0p005/F_08-Jun-2017_rpm320_doc0p005_window_0006.npz",data/02_spectrograms_150x100px_dataset/validation/chatter/2inchStickout_F_08-Jun-2017_rpm320_doc0p005_window_0006_chatter.png,validation,1,0.0036446087,0.033822335,0.0067502446,0.004371233
turning,turning,2inchStickout,2inchStickout/F_08-Jun-2017_rpm320_doc0p005,320.0,0p005,7,2inchStickout_F_08-Jun-2017_rpm320_doc0p005_window_0007,chatter,validation,"data/01_windowed_labeled_2,5s/2inchStickout/F_08-Jun-2017_rpm320_doc0p005/F_08-Jun-2017_rpm320_doc0p005_window_0007.npz",data/02_spectrograms_150x100px_dataset/validation/chatter/2inchStickout_F_08-Jun-2017_rpm320_doc0p005_window_0007_chatter.png,validation,1,0.0032112552,0.033301976,0.0034643789,0.0033749833
turning,turning,2inchStickout,2inchStickout/F_08-Jun-2017_rpm320_doc0p005,320.0,0p005,8,2inchStickout_F_08-Jun-2017_rpm320_doc0p005_window_0008,chatter,validation,"data/01_windowed_labeled_2,5s/2inchStickout/F_08-Jun-2017_rpm320_doc0p005/F_08-Jun-2017_rpm320_doc0p005_window_0008.npz",data/02_spectrograms_150x100px_dataset/validation/chatter/2inchStickout_F_08-Jun-2017_rpm320_doc0p005_window_0008_chatter.png,validation,1,0.004551481,0.040179275,0.0051746815,0.0048563387
turning,turning,2inchStickout,2inchStickout/F_08-Jun-2017_rpm320_doc0p005,320.0,0p005,9,2inchStickout_F_08-Jun-2017_rpm320_doc0p005_window_0009,chatter,validation,"data/01_windowed_labeled_2,5s/2inchStickout/F_08-Jun-2017_rpm320_doc0p005/F_08-Jun-2017_rpm320_doc0p005_window_0009.npz",data/02_spectrograms_150x100px_dataset/validation/chatter/2inchStickout_F_08-Jun-2017_rpm320_doc0p005_window_0009_chatter.png,validation,1,0.0035652202,0.032904085,0.0053296,0.0040080477
turning,turning,2inchStickout,2inchStickout/F_08-Jun-2017_rpm320_doc0p005,320.0,0p005,10,2inchStickout_F_08-Jun-2017_rpm320_doc0p005_window_0010,chatter,validation,"data/01_windowed_labeled_2,5s/2inchStickout/F_08-Jun-2017_rpm320_doc0p005/F_08-Jun-2017_rpm320_doc0p005_window_0010.npz",data/02_spectrograms_150x100px_dataset/validation/chatter/2inchStickout_F_08-Jun-2017_rpm320_doc0p005_window_0010_chatter.png,validation,1,0.003542026,0.03240632,0.0043292316,0.0038494004
turning,turning,2inchStickout,2inchStickout/F_08-Jun-2017_rpm320_doc0p005,320.0,0p005,11,2inchStickout_F_08-Jun-2017_rpm320_doc0p005_window_0011,chatter,validation,"data/01_windowed_labeled_2,5s/2inchStickout/F_08-Jun-2017_rpm320_doc0p005/F_08-Jun-2017_rpm320_doc0p005_window_0011.npz",data/02_spectrograms_150x100px_dataset/validation/chatter/2inchStickout_F_08-Jun-2017_rpm320_doc0p005_window_0011_chatter.png,validation,1,0.0041430113,0.03554699,0.004727512,0.004425857
turning,turning,2inchStickout,2inchStickout/F_08-Jun-2017_rpm320_doc0p010,320.0,0p010,5,2inchStickout_F_08-Jun-2017_rpm320_doc0p010_window_0005,no_chatter,validation,"data/01_windowed_labeled_2,5s/2inchStickout/F_08-Jun-2017_rpm320_doc0p010/F_08-Jun-2017_rpm320_doc0p010_window_0005.npz",data/02_spectrograms_150x100px_dataset/validation/no_chatter/2inchStickout_F_08-Jun-2017_rpm320_doc0p010_window_0005_no_chatter.png,validation,0,0.00039265116,0.009204394,0.00060162443,0.00044758068
turning,turning,2inchStickout,2inchStickout/F_08-Jun-2017_rpm320_doc0p010,320.0,0p010,6,2inchStickout_F_08-Jun-2017_rpm320_doc0p010_window_0006,no_chatter,validation,"data/01_windowed_labeled_2,5s/2inchStickout/F_08-Jun-2017_rpm320_doc0p010/F_08-Jun-2017_rpm320_doc0p010_window_0006.npz",data/02_spectrograms_150x100px_dataset/validation/no_chatter/2inchStickout_F_08-Jun-2017_rpm320_doc0p010_window_0006_no_chatter.png,validation,0,0.00045373023,0.010238923,0.0006118896,0.0005230154
turning,turning,2inchStickout,2inchStickout/F_08-Jun-2017_rpm320_doc0p010,320.0,0p010,8,2inchStickout_F_08-Jun-2017_rpm320_doc0p010_window_0008,no_chatter,validation,"data/01_windowed_labeled_2,5s/2inchStickout/F_08-Jun-2017_rpm320_doc0p010/F_08-Jun-2017_rpm320_doc0p010_window_0008.npz",data/02_spectrograms_150x100px_dataset/validation/no_chatter/2inchStickout_F_08-Jun-2017_rpm320_doc0p010_window_0008_no_chatter.png,validation,0,0.0012853079,0.018723248,0.0015241437,0.0013917674
turning,turning,2inchStickout,2inchStickout/F_08-Jun-2017_rpm320_doc0p010,320.0,0p010,11,2inchStickout_F_08-Jun-2017_rpm320_doc0p010_window_0011,no_chatter,validation,"data/01_windowed_labeled_2,5s/2inchStickout/F_08-Jun-2017_rpm320_doc0p010/F_08-Jun-2017_rpm320_doc0p010_window_0011.npz",data/02_spectrograms_150x100px_dataset/validation/no_chatter/2inchStickout_F_08-Jun-2017_rpm320_doc0p010_window_0011_no_chatter.png,validation,0,0.0037159312,0.034724712,0.004509622,0.0040679188
turning,turning,2inchStickout,2inchStickout/F_08-Jun-2017_rpm320_doc0p010,320.0,0p010,13,2inchStickout_F_08-Jun-2017_rpm320_doc0p010_window_0013,no_chatter,validation,"data/01_windowed_labeled_2,5s/2inchStickout/F_08-Jun-2017_rpm320_doc0p010/F_08-Jun-2017_rpm320_doc0p010_window_0013.npz",data/02_spectrograms_150x100px_dataset/validation/no_chatter/2inchStickout_F_08-Jun-2017_rpm320_doc0p010_window_0013_no_chatter.png,validation,0,0.0017489298,0.024948128,0.0026647712,0.002001579
turning,turning,2inchStickout,2inchStickout/F_08-Jun-2017_rpm320_doc0p015,320.0,0p015,1,2inchStickout_F_08-Jun-2017_rpm320_doc0p015_window_0001,no_chatter,validation,"data/01_windowed_labeled_2,5s/2inchStickout/F_08-Jun-2017_rpm320_doc0p015/F_08-Jun-2017_rpm320_doc0p015_window_0001.npz",data/02_spectrograms_150x100px_dataset/validation/no_chatter/2inchStickout_F_08-Jun-2017_rpm320_doc0p015_window_0001_no_chatter.png,validation,0,5.4284712e-05,0.0025521668,6.515725e-05,6.0660084e-05
turning,turning,2inchStickout,2inchStickout/F_08-Jun-2017_rpm320_doc0p015,320.0,0p015,3,2inchStickout_F_08-Jun-2017_rpm320_doc0p015_window_0003,no_chatter,validation,"data/01_windowed_labeled_2,5s/2inchStickout/F_08-Jun-2017_rpm320_doc0p015/F_08-Jun-2017_rpm320_doc0p015_window_0003.npz",data/02_spectrograms_150x100px_dataset/validation/no_chatter/2inchStickout_F_08-Jun-2017_rpm320_doc0p015_window_0003_no_chatter.png,validation,0,0.00036501975,0.0069398573,0.00077445427,0.00050394045
turning,turning,2inchStickout,2inchStickout/F_08-Jun-2017_rpm320_doc0p015,320.0,0p015,13,2inchStickout_F_08-Jun-2017_rpm320_doc0p015_window_0013,no_chatter,validation,"data/01_windowed_labeled_2,5s/2inchStickout/F_08-Jun-2017_rpm320_doc0p015/F_08-Jun-2017_rpm320_doc0p015_window_0013.npz",data/02_spectrograms_150x100px_dataset/validation/no_chatter/2inchStickout_F_08-Jun-2017_rpm320_doc0p015_window_0013_no_chatter.png,validation,0,0.00044846963,0.011934242,0.00057546794,0.00048993813
turning,turning,2inchStickout,2inchStickout/F_08-Jun-2017_rpm320_doc0p015,320.0,0p015,14,2inchStickout_F_08-Jun-2017_rpm320_doc0p015_window_0014,no_chatter,validation,"data/01_windowed_labeled_2,5s/2inchStickout/F_08-Jun-2017_rpm320_doc0p015/F_08-Jun-2017_rpm320_doc0p015_window_0014.npz",data/02_spectrograms_150x100px_dataset/validation/no_chatter/2inchStickout_F_08-Jun-2017_rpm320_doc0p015_window_0014_no_chatter.png,validation,0,0.0006216518,0.013480053,0.0007809825,0.00069558906
turning,turning,2inchStickout,2inchStickout/F_08-Jun-2017_rpm320_doc0p020,320.0,0p020,0,2inchStickout_F_08-Jun-2017_rpm320_doc0p020_window_0000,no_chatter,validation,"data/01_windowed_labeled_2,5s/2inchStickout/F_08-Jun-2017_rpm320_doc0p020/F_08-Jun-2017_rpm320_doc0p020_window_0000.npz",data/02_spectrograms_150x100px_dataset/validation/no_chatter/2inchStickout_F_08-Jun-2017_rpm320_doc0p020_window_0000_no_chatter.png,validation,0,6.8782414e-05,0.002922151,7.405987e-05,7.2753995e-05
turning,turning,2inchStickout,2inchStickout/F_08-Jun-2017_rpm320_doc0p020,320.0,0p020,3,2inchStickout_F_08-Jun-2017_rpm320_doc0p020_window_0003,no_chatter,validation,"data/01_windowed_labeled_2,5s/2inchStickout/F_08-Jun-2017_rpm320_doc0p020/F_08-Jun-2017_rpm320_doc0p020_window_0003.npz",data/02_spectrograms_150x100px_dataset/validation/no_chatter/2inchStickout_F_08-Jun-2017_rpm320_doc0p020_window_0003_no_chatter.png,validation,0,7.404907e-05,0.002815583,0.00013541733,8.741364e-05
turning,turning,2inchStickout,2inchStickout/F_08-Jun-2017_rpm320_doc0p020,320.0,0p020,4,2inchStickout_F_08-Jun-2017_rpm320_doc0p020_window_0004,no_chatter,validation,"data/01_windowed_labeled_2,5s/2inchStickout/F_08-Jun-2017_rpm320_doc0p020/F_08-Jun-2017_rpm320_doc0p020_window_0004.npz",data/02_spectrograms_150x100px_dataset/validation/no_chatter/2inchStickout_F_08-Jun-2017_rpm320_doc0p020_window_0004_no_chatter.png,validation,0,0.00034022072,0.007285963,0.00044143692,0.000393484
turning,turning,2inchStickout,2inchStickout/F_08-Jun-2017_rpm320_doc0p020,320.0,0p020,6,2inchStickout_F_08-Jun-2017_rpm320_doc0p020_window_0006,no_chatter,validation,"data/01_windowed_labeled_2,5s/2inchStickout/F_08-Jun-2017_rpm320_doc0p020/F_08-Jun-2017_rpm320_doc0p020_window_0006.npz",data/02_spectrograms_150x100px_dataset/validation/no_chatter/2inchStickout_F_08-Jun-2017_rpm320_doc0p020_window_0006_no_chatter.png,validation,0,0.00024902116,0.0075512463,0.0002688433,0.00026044014
turning,turning,2inchStickout,2inchStickout/F_08-Jun-2017_rpm320_doc0p020,320.0,0p020,13,2inchStickout_F_08-Jun-2017_rpm320_doc0p020_window_0013,no_chatter,validation,"data/01_windowed_labeled_2,5s/2inchStickout/F_08-Jun-2017_rpm320_doc0p020/F_08-Jun-2017_rpm320_doc0p020_window_0013.npz",data/02_spectrograms_150x100px_dataset/validation/no_chatter/2inchStickout_F_08-Jun-2017_rpm320_doc0p020_window_0013_no_chatter.png,validation,0,0.0003956816,0.00896467,0.00079544575,0.0004930209
turning,turning,2inchStickout,2inchStickout/F_08-Jun-2017_rpm320_doc0p020,320.0,0p020,14,2inchStickout_F_08-Jun-2017_rpm320_doc0p020_window_0014,no_chatter,validation,"data/01_windowed_labeled_2,5s/2inchStickout/F_08-Jun-2017_rpm320_doc0p020/F_08-Jun-2017_rpm320_doc0p020_window_0014.npz",data/02_spectrograms_150x100px_dataset/validation/no_chatter/2inchStickout_F_08-Jun-2017_rpm320_doc0p020_window_0014_no_chatter.png,validation,0,0.0004700591,0.009537042,0.00083114544,0.0006037147
turning,turning,2inchStickout,2inchStickout/F_08-Jun-2017_rpm320_doc0p020,320.0,0p020,22,2inchStickout_F_08-Jun-2017_rpm320_doc0p020_window_0022,no_chatter,validation,"data/01_windowed_labeled_2,5s/2inchStickout/F_08-Jun-2017_rpm320_doc0p020/F_08-Jun-2017_rpm320_doc0p020_window_0022.npz",data/02_spectrograms_150x100px_dataset/validation/no_chatter/2inchStickout_F_08-Jun-2017_rpm320_doc0p020_window_0022_no_chatter.png,validation,0,0.00026461255,0.008394366,0.00028994153,0.00028055822
turning,turning,2inchStickout,2inchStickout/F_08-Jun-2017_rpm320_doc0p025,320.0,0p025,3,2inchStickout_F_08-Jun-2017_rpm320_doc0p025_window_0003,no_chatter,validation,"data/01_windowed_labeled_2,5s/2inchStickout/F_08-Jun-2017_rpm320_doc0p025/F_08-Jun-2017_rpm320_doc0p025_window_0003.npz",data/02_spectrograms_150x100px_dataset/validation/no_chatter/2inchStickout_F_08-Jun-2017_rpm320_doc0p025_window_0003_no_chatter.png,validation,0,0.0007739719,0.012751533,0.0011599557,0.00085483235
turning,turning,2inchStickout,2inchStickout/F_08-Jun-2017_rpm320_doc0p025,320.0,0p025,4,2inchStickout_F_08-Jun-2017_rpm320_doc0p025_window_0004,no_chatter,validation,"data/01_windowed_labeled_2,5s/2inchStickout/F_08-Jun-2017_rpm320_doc0p025/F_08-Jun-2017_rpm320_doc0p025_window_0004.npz",data/02_spectrograms_150x100px_dataset/validation/no_chatter/2inchStickout_F_08-Jun-2017_rpm320_doc0p025_window_0004_no_chatter.png,validation,0,0.0003344593,0.0094331475,0.00046714206,0.00037314047
turning,turning,2inchStickout,2inchStickout/F_08-Jun-2017_rpm320_doc0p025,320.0,0p025,8,2inchStickout_F_08-Jun-2017_rpm320_doc0p025_window_0008,no_chatter,validation,"data/01_windowed_labeled_2,5s/2inchStickout/F_08-Jun-2017_rpm320_doc0p025/F_08-Jun-2017_rpm320_doc0p025_window_0008.npz",data/02_spectrograms_150x100px_dataset/validation/no_chatter/2inchStickout_F_08-Jun-2017_rpm320_doc0p025_window_0008_no_chatter.png,validation,0,0.00033311572,0.009872761,0.0003715224,0.0003507399
turning,turning,2inchStickout,2inchStickout/F_08-Jun-2017_rpm320_doc0p025,320.0,0p025,12,2inchStickout_F_08-Jun-2017_rpm320_doc0p025_window_0012,no_chatter,validation,"data/01_windowed_labeled_2,5s/2inchStickout/F_08-Jun-2017_rpm320_doc0p025/F_08-Jun-2017_rpm320_doc0p025_window_0012.npz",data/02_spectrograms_150x100px_dataset/validation/no_chatter/2inchStickout_F_08-Jun-2017_rpm320_doc0p025_window_0012_no_chatter.png,validation,0,0.0015005075,0.020227337,0.0020925987,0.0018518375
turning,turning,2inchStickout,2inchStickout/F_08-Jun-2017_rpm320_doc0p025,320.0,0p025,13,2inchStickout_F_08-Jun-2017_rpm320_doc0p025_window_0013,no_chatter,validation,"data/01_windowed_labeled_2,5s/2inchStickout/F_08-Jun-2017_rpm320_doc0p025/F_08-Jun-2017_rpm320_doc0p025_window_0013.npz",data/02_spectrograms_150x100px_dataset/validation/no_chatter/2inchStickout_F_08-Jun-2017_rpm320_doc0p025_window_0013_no_chatter.png,validation,0,0.0014743374,0.021112109,0.0017400429,0.0016240212
turning,turning,2inchStickout,2inchStickout/F_08-Jun-2017_rpm320_doc0p025,320.0,0p025,17,2inchStickout_F_08-Jun-2017_rpm320_doc0p025_window_0017,no_chatter,validation,"data/01_windowed_labeled_2,5s/2inchStickout/F_08-Jun-2017_rpm320_doc0p025/F_08-Jun-2017_rpm320_doc0p025_window_0017.npz",data/02_spectrograms_150x100px_dataset/validation/no_chatter/2inchStickout_F_08-Jun-2017_rpm320_doc0p025_window_0017_no_chatter.png,validation,0,0.0011762709,0.018562695,0.0014449119,0.0012974223
turning,turning,2inchStickout,2inchStickout/F_08-Jun-2017_rpm320_doc0p025,320.0,0p025,21,2inchStickout_F_08-Jun-2017_rpm320_doc0p025_window_0021,no_chatter,validation,"data/01_windowed_labeled_2,5s/2inchStickout/F_08-Jun-2017_rpm320_doc0p025/F_08-Jun-2017_rpm320_doc0p025_window_0021.npz",data/02_spectrograms_150x100px_dataset/validation/no_chatter/2inchStickout_F_08-Jun-2017_rpm320_doc0p025_window_0021_no_chatter.png,validation,0,0.00081781263,0.017021907,0.0008861018,0.000868295
turning,turning,2inchStickout,2inchStickout/F_08-Jun-2017_rpm320_doc0p025,320.0,0p025,23,2inchStickout_F_08-Jun-2017_rpm320_doc0p025_window_0023,no_chatter,validation,"data/01_windowed_labeled_2,5s/2inchStickout/F_08-Jun-2017_rpm320_doc0p025/F_08-Jun-2017_rpm320_doc0p025_window_0023.npz",data/02_spectrograms_150x100px_dataset/validation/no_chatter/2inchStickout_F_08-Jun-2017_rpm320_doc0p025_window_0023_no_chatter.png,validation,0,0.00092276966,0.017180441,0.0018489002,0.0011318466
turning,turning,2inchStickout,2inchStickout/F_08-Jun-2017_rpm320_doc0p030,320.0,0p030,11,2inchStickout_F_08-Jun-2017_rpm320_doc0p030_window_0011,no_chatter,validation,"data/01_windowed_labeled_2,5s/2inchStickout/F_08-Jun-2017_rpm320_doc0p030/F_08-Jun-2017_rpm320_doc0p030_window_0011.npz",data/02_spectrograms_150x100px_dataset/validation/no_chatter/2inchStickout_F_08-Jun-2017_rpm320_doc0p030_window_0011_no_chatter.png,validation,0,0.00045055902,0.011016985,0.0005413285,0.00048864813
turning,turning,2inchStickout,2inchStickout/F_08-Jun-2017_rpm320_doc0p030,320.0,0p030,12,2inchStickout_F_08-Jun-2017_rpm320_doc0p030_window_0012,no_chatter,validation,"data/01_windowed_labeled_2,5s/2inchStickout/F_08-Jun-2017_rpm320_doc0p030/F_08-Jun-2017_rpm320_doc0p030_window_0012.npz",data/02_spectrograms_150x100px_dataset/validation/no_chatter/2inchStickout_F_08-Jun-2017_rpm320_doc0p030_window_0012_no_chatter.png,validation,0,0.00033592276,0.010132885,0.0003576797,0.000345247
turning,turning,2inchStickout,2inchStickout/F_08-Jun-2017_rpm320_doc0p030,320.0,0p030,19,2inchStickout_F_08-Jun-2017_rpm320_doc0p030_window_0019,no_chatter,validation,"data/01_windowed_labeled_2,5s/2inchStickout/F_08-Jun-2017_rpm320_doc0p030/F_08-Jun-2017_rpm320_doc0p030_window_0019.npz",data/02_spectrograms_150x100px_dataset/validation/no_chatter/2inchStickout_F_08-Jun-2017_rpm320_doc0p030_window_0019_no_chatter.png,validation,0,0.0007924257,0.014068734,0.0008793423,0.00082164473
turning,turning,2inchStickout,2inchStickout/F_08-Jun-2017_rpm320_doc0p030,320.0,0p030,20,2inchStickout_F_08-Jun-2017_rpm320_doc0p030_window_0020,no_chatter,validation,"data/01_windowed_labeled_2,5s/2inchStickout/F_08-Jun-2017_rpm320_doc0p030/F_08-Jun-2017_rpm320_doc0p030_window_0020.npz",data/02_spectrograms_150x100px_dataset/validation/no_chatter/2inchStickout_F_08-Jun-2017_rpm320_doc0p030_window_0020_no_chatter.png,validation,0,0.0008689424,0.015216883,0.0010355532,0.0009776187
turning,turning,2inchStickout,2inchStickout/F_08-Jun-2017_rpm320_doc0p035,320.0,0p035,3,2inchStickout_F_08-Jun-2017_rpm320_doc0p035_window_0003,no_chatter,validation,"data/01_windowed_labeled_2,5s/2inchStickout/F_08-Jun-2017_rpm320_doc0p035/F_08-Jun-2017_rpm320_doc0p035_window_0003.npz",data/02_spectrograms_150x100px_dataset/validation/no_chatter/2inchStickout_F_08-Jun-2017_rpm320_doc0p035_window_0003_no_chatter.png,validation,0,0.00014079238,0.0037303087,0.00046752553,0.00019967521
turning,turning,2inchStickout,2inchStickout/F_08-Jun-2017_rpm320_doc0p035,320.0,0p035,20,2inchStickout_F_08-Jun-2017_rpm320_doc0p035_window_0020,no_chatter,validation,"data/01_windowed_labeled_2,5s/2inchStickout/F_08-Jun-2017_rpm320_doc0p035/F_08-Jun-2017_rpm320_doc0p035_window_0020.npz",data/02_spectrograms_150x100px_dataset/validation/no_chatter/2inchStickout_F_08-Jun-2017_rpm320_doc0p035_window_0020_no_chatter.png,validation,0,0.0006413268,0.014579845,0.0007143183,0.00066931796
turning,turning,2inchStickout,2inchStickout/F_08-Jun-2017_rpm320_doc0p035,320.0,0p035,22,2inchStickout_F_08-Jun-2017_rpm320_doc0p035_window_0022,no_chatter,validation,"data/01_windowed_labeled_2,5s/2inchStickout/F_08-Jun-2017_rpm320_doc0p035/F_08-Jun-2017_rpm320_doc0p035_window_0022.npz",data/02_spectrograms_150x100px_dataset/validation/no_chatter/2inchStickout_F_08-Jun-2017_rpm320_doc0p035_window_0022_no_chatter.png,validation,0,0.00076041516,0.016016746,0.0010014538,0.0008552351
turning,turning,2inchStickout,2inchStickout/F_08-Jun-2017_rpm320_doc0p045,320.0,0p045,9,2inchStickout_F_08-Jun-2017_rpm320_doc0p045_window_0009,no_chatter,validation,"data/01_windowed_labeled_2,5s/2inchStickout/F_08-Jun-2017_rpm320_doc0p045/F_08-Jun-2017_rpm320_doc0p045_window_0009.npz",data/02_spectrograms_150x100px_dataset/validation/no_chatter/2inchStickout_F_08-Jun-2017_rpm320_doc0p045_window_0009_no_chatter.png,validation,0,0.0004252577,0.011123466,0.00044679918,0.00043615108
turning,turning,2inchStickout,2inchStickout/F_08-Jun-2017_rpm320_doc0p045,320.0,0p045,15,2inchStickout_F_08-Jun-2017_rpm320_doc0p045_window_0015,no_chatter,validation,"data/01_windowed_labeled_2,5s/2inchStickout/F_08-Jun-2017_rpm320_doc0p045/F_08-Jun-2017_rpm320_doc0p045_window_0015.npz",data/02_spectrograms_150x100px_dataset/validation/no_chatter/2inchStickout_F_08-Jun-2017_rpm320_doc0p045_window_0015_no_chatter.png,validation,0,0.00049416407,0.012358734,0.00060829223,0.0005357806
turning,turning,2inchStickout,2inchStickout/F_08-Jun-2017_rpm320_doc0p045,320.0,0p045,16,2inchStickout_F_08-Jun-2017_rpm320_doc0p045_window_0016,no_chatter,validation,"data/01_windowed_labeled_2,5s/2inchStickout/F_08-Jun-2017_rpm320_doc0p045/F_08-Jun-2017_rpm320_doc0p045_window_0016.npz",data/02_spectrograms_150x100px_dataset/validation/no_chatter/2inchStickout_F_08-Jun-2017_rpm320_doc0p045_window_0016_no_chatter.png,validation,0,0.000556368,0.013025379,0.0006062105,0.00058871176
turning,turning,2inchStickout,2inchStickout/F_08-Jun-2017_rpm320_doc0p045,320.0,0p045,17,2inchStickout_F_08-Jun-2017_rpm320_doc0p045_window_0017,no_chatter,validation,"data/01_windowed_labeled_2,5s/2inchStickout/F_08-Jun-2017_rpm320_doc0p045/F_08-Jun-2017_rpm320_doc0p045_window_0017.npz",data/02_spectrograms_150x100px_dataset/validation/no_chatter/2inchStickout_F_08-Jun-2017_rpm320_doc0p045_window_0017_no_chatter.png,validation,0,0.0007701372,0.01602172,0.0009946281,0.00085231615
turning,turning,2inchStickout,2inchStickout/F_08-Jun-2017_rpm320_doc0p060_xAccDetached,320.0,0p060,3,2inchStickout_F_08-Jun-2017_rpm320_doc0p060_xAccDetached_window_0003,no_chatter,validation,"data/01_windowed_labeled_2,5s/2inchStickout/F_08-Jun-2017_rpm320_doc0p060_xAccDetached/F_08-Jun-2017_rpm320_doc0p060_xAccDetached_window_0003.npz",data/02_spectrograms_150x100px_dataset/validation/no_chatter/2inchStickout_F_08-Jun-2017_rpm320_doc0p060_xAccDetached_window_0003_no_chatter.png,validation,0,0.0009931071,0.01537318,0.0013234077,0.0010824059
turning,turning,2inchStickout,2inchStickout/F_08-Jun-2017_rpm425_doc0p010,425.0,0p010,0,2inchStickout_F_08-Jun-2017_rpm425_doc0p010_window_0000,no_chatter,validation,"data/01_windowed_labeled_2,5s/2inchStickout/F_08-Jun-2017_rpm425_doc0p010/F_08-Jun-2017_rpm425_doc0p010_window_0000.npz",data/02_spectrograms_150x100px_dataset/validation/no_chatter/2inchStickout_F_08-Jun-2017_rpm425_doc0p010_window_0000_no_chatter.png,validation,0,0.000116857744,0.0037570845,0.00013856369,0.00012524186
turning,turning,2inchStickout,2inchStickout/F_08-Jun-2017_rpm425_doc0p010,425.0,0p010,5,2inchStickout_F_08-Jun-2017_rpm425_doc0p010_window_0005,no_chatter,validation,"data/01_windowed_labeled_2,5s/2inchStickout/F_08-Jun-2017_rpm425_doc0p010/F_08-Jun-2017_rpm425_doc0p010_window_0005.npz",data/02_spectrograms_150x100px_dataset/validation/no_chatter/2inchStickout_F_08-Jun-2017_rpm425_doc0p010_window_0005_no_chatter.png,validation,0,0.0011077918,0.018761057,0.0012973469,0.00115741
turning,turning,2inchStickout,2inchStickout/F_08-Jun-2017_rpm425_doc0p015,425.0,0p015,7,2inchStickout_F_08-Jun-2017_rpm425_doc0p015_window_0007,no_chatter,validation,"data/01_windowed_labeled_2,5s/2inchStickout/F_08-Jun-2017_rpm425_doc0p015/F_08-Jun-2017_rpm425_doc0p015_window_0007.npz",data/02_spectrograms_150x100px_dataset/validation/no_chatter/2inchStickout_F_08-Jun-2017_rpm425_doc0p015_window_0007_no_chatter.png,validation,0,0.0013314371,0.02052551,0.0015524119,0.0014137026
turning,turning,2inchStickout,2inchStickout/F_08-Jun-2017_rpm425_doc0p017,425.0,0p017,2,2inchStickout_F_08-Jun-2017_rpm425_doc0p017_window_0002,no_chatter,validation,"data/01_windowed_labeled_2,5s/2inchStickout/F_08-Jun-2017_rpm425_doc0p017/F_08-Jun-2017_rpm425_doc0p017_window_0002.npz",data/02_spectrograms_150x100px_dataset/validation/no_chatter/2inchStickout_F_08-Jun-2017_rpm425_doc0p017_window_0002_no_chatter.png,validation,0,0.00094212487,0.016566657,0.0009798169,0.0009583594
turning,turning,2inchStickout,2inchStickout/F_08-Jun-2017_rpm425_doc0p017,425.0,0p017,3,2inchStickout_F_08-Jun-2017_rpm425_doc0p017_window_0003,no_chatter,validation,"data/01_windowed_labeled_2,5s/2inchStickout/F_08-Jun-2017_rpm425_doc0p017/F_08-Jun-2017_rpm425_doc0p017_window_0003.npz",data/02_spectrograms_150x100px_dataset/validation/no_chatter/2inchStickout_F_08-Jun-2017_rpm425_doc0p017_window_0003_no_chatter.png,validation,0,0.0012537584,0.019099906,0.0014960677,0.0013798844
turning,turning,2inchStickout,2inchStickout/F_08-Jun-2017_rpm425_doc0p017,425.0,0p017,4,2inchStickout_F_08-Jun-2017_rpm425_doc0p017_window_0004,no_chatter,validation,"data/01_windowed_labeled_2,5s/2inchStickout/F_08-Jun-2017_rpm425_doc0p017/F_08-Jun-2017_rpm425_doc0p017_window_0004.npz",data/02_spectrograms_150x100px_dataset/validation/no_chatter/2inchStickout_F_08-Jun-2017_rpm425_doc0p017_window_0004_no_chatter.png,validation,0,0.0016792812,0.021746948,0.0024908618,0.0019819736
turning,turning,2inchStickout,2inchStickout/F_08-Jun-2017_rpm425_doc0p017,425.0,0p017,5,2inchStickout_F_08-Jun-2017_rpm425_doc0p017_window_0005,no_chatter,validation,"data/01_windowed_labeled_2,5s/2inchStickout/F_08-Jun-2017_rpm425_doc0p017/F_08-Jun-2017_rpm425_doc0p017_window_0005.npz",data/02_spectrograms_150x100px_dataset/validation/no_chatter/2inchStickout_F_08-Jun-2017_rpm425_doc0p017_window_0005_no_chatter.png,validation,0,0.0012822808,0.020735415,0.0017780052,0.0015234911
turning,turning,2inchStickout,2inchStickout/F_08-Jun-2017_rpm425_doc0p020,425.0,0p020,6,2inchStickout_F_08-Jun-2017_rpm425_doc0p020_window_0006,chatter,validation,"data/01_windowed_labeled_2,5s/2inchStickout/F_08-Jun-2017_rpm425_doc0p020/F_08-Jun-2017_rpm425_doc0p020_window_0006.npz",data/02_spectrograms_150x100px_dataset/validation/chatter/2inchStickout_F_08-Jun-2017_rpm425_doc0p020_window_0006_chatter.png,validation,1,0.005534585,0.046499882,0.0071180183,0.006654111
turning,turning,2inchStickout,2inchStickout/F_08-Jun-2017_rpm425_doc0p020,425.0,0p020,7,2inchStickout_F_08-Jun-2017_rpm425_doc0p020_window_0007,chatter,validation,"data/01_windowed_labeled_2,5s/2inchStickout/F_08-Jun-2017_rpm425_doc0p020/F_08-Jun-2017_rpm425_doc0p020_window_0007.npz",data/02_spectrograms_150x100px_dataset/validation/chatter/2inchStickout_F_08-Jun-2017_rpm425_doc0p020_window_0007_chatter.png,validation,1,0.005401458,0.043164466,0.01295197,0.007879834
turning,turning,2inchStickout,2inchStickout/F_08-Jun-2017_rpm425_doc0p025,425.0,0p025,4,2inchStickout_F_08-Jun-2017_rpm425_doc0p025_window_0004,chatter,validation,"data/01_windowed_labeled_2,5s/2inchStickout/F_08-Jun-2017_rpm425_doc0p025/F_08-Jun-2017_rpm425_doc0p025_window_0004.npz",data/02_spectrograms_150x100px_dataset/validation/chatter/2inchStickout_F_08-Jun-2017_rpm425_doc0p025_window_0004_chatter.png,validation,1,0.0029197554,0.031318016,0.0037883886,0.003181423
turning,turning,2inchStickout,2inchStickout/F_08-Jun-2017_rpm425_doc0p025,425.0,0p025,5,2inchStickout_F_08-Jun-2017_rpm425_doc0p025_window_0005,chatter,validation,"data/01_windowed_labeled_2,5s/2inchStickout/F_08-Jun-2017_rpm425_doc0p025/F_08-Jun-2017_rpm425_doc0p025_window_0005.npz",data/02_spectrograms_150x100px_dataset/validation/chatter/2inchStickout_F_08-Jun-2017_rpm425_doc0p025_window_0005_chatter.png,validation,1,0.0038170936,0.034906168,0.006325324,0.00435537
turning,turning,2inchStickout,2inchStickout/F_08-Jun-2017_rpm425_doc0p025,425.0,0p025,6,2inchStickout_F_08-Jun-2017_rpm425_doc0p025_window_0006,chatter,validation,"data/01_windowed_labeled_2,5s/2inchStickout/F_08-Jun-2017_rpm425_doc0p025/F_08-Jun-2017_rpm425_doc0p025_window_0006.npz",data/02_spectrograms_150x100px_dataset/validation/chatter/2inchStickout_F_08-Jun-2017_rpm425_doc0p025_window_0006_chatter.png,validation,1,0.0036713711,0.033291277,0.006192361,0.0044173454
turning,turning,2inchStickout,2inchStickout/F_08-Jun-2017_rpm425_doc0p025,425.0,0p025,7,2inchStickout_F_08-Jun-2017_rpm425_doc0p025_window_0007,chatter,validation,"data/01_windowed_labeled_2,5s/2inchStickout/F_08-Jun-2017_rpm425_doc0p025/F_08-Jun-2017_rpm425_doc0p025_window_0007.npz",data/02_spectrograms_150x100px_dataset/validation/chatter/2inchStickout_F_08-Jun-2017_rpm425_doc0p025_window_0007_chatter.png,validation,1,0.0028703553,0.02975612,0.005895003,0.0035239968
turning,turning,2inchStickout,2inchStickout/F_08-Jun-2017_rpm570_doc0p001,570.0,0p001,1,2inchStickout_F_08-Jun-2017_rpm570_doc0p001_window_0001,no_chatter,validation,"data/01_windowed_labeled_2,5s/2inchStickout/F_08-Jun-2017_rpm570_doc0p001/F_08-Jun-2017_rpm570_doc0p001_window_0001.npz",data/02_spectrograms_150x100px_dataset/validation/no_chatter/2inchStickout_F_08-Jun-2017_rpm570_doc0p001_window_0001_no_chatter.png,validation,0,0.0010224192,0.013321211,0.002615153,0.001539687
turning,turning,2inchStickout,2inchStickout/F_08-Jun-2017_rpm570_doc0p001,570.0,0p001,2,2inchStickout_F_08-Jun-2017_rpm570_doc0p001_window_0002,chatter,validation,"data/01_windowed_labeled_2,5s/2inchStickout/F_08-Jun-2017_rpm570_doc0p001/F_08-Jun-2017_rpm570_doc0p001_window_0002.npz",data/02_spectrograms_150x100px_dataset/validation/chatter/2inchStickout_F_08-Jun-2017_rpm570_doc0p001_window_0002_chatter.png,validation,1,0.0018982532,0.026207462,0.0025847224,0.0020825253
turning,turning,2inchStickout,2inchStickout/F_08-Jun-2017_rpm570_doc0p001,570.0,0p001,3,2inchStickout_F_08-Jun-2017_rpm570_doc0p001_window_0003,chatter,validation,"data/01_windowed_labeled_2,5s/2inchStickout/F_08-Jun-2017_rpm570_doc0p001/F_08-Jun-2017_rpm570_doc0p001_window_0003.npz",data/02_spectrograms_150x100px_dataset/validation/chatter/2inchStickout_F_08-Jun-2017_rpm570_doc0p001_window_0003_chatter.png,validation,1,0.0018643724,0.02728398,0.0027740262,0.0021049085
turning,turning,2inchStickout,2inchStickout/F_08-Jun-2017_rpm570_doc0p001,570.0,0p001,4,2inchStickout_F_08-Jun-2017_rpm570_doc0p001_window_0004,chatter,validation,"data/01_windowed_labeled_2,5s/2inchStickout/F_08-Jun-2017_rpm570_doc0p001/F_08-Jun-2017_rpm570_doc0p001_window_0004.npz",data/02_spectrograms_150x100px_dataset/validation/chatter/2inchStickout_F_08-Jun-2017_rpm570_doc0p001_window_0004_chatter.png,validation,1,0.0019038025,0.028337486,0.0027742854,0.0021150552
turning,turning,2inchStickout,2inchStickout/F_08-Jun-2017_rpm570_doc0p001,570.0,0p001,5,2inchStickout_F_08-Jun-2017_rpm570_doc0p001_window_0005,chatter,validation,"data/01_windowed_labeled_2,5s/2inchStickout/F_08-Jun-2017_rpm570_doc0p001/F_08-Jun-2017_rpm570_doc0p001_window_0005.npz",data/02_spectrograms_150x100px_dataset/validation/chatter/2inchStickout_F_08-Jun-2017_rpm570_doc0p001_window_0005_chatter.png,validation,1,0.00287422,0.03495114,0.0032533193,0.003119182
turning,turning,2inchStickout,2inchStickout/F_08-Jun-2017_rpm770_doc0p002,770.0,0p002,1,2inchStickout_F_08-Jun-2017_rpm770_doc0p002_window_0001,chatter,validation,"data/01_windowed_labeled_2,5s/2inchStickout/F_08-Jun-2017_rpm770_doc0p002/F_08-Jun-2017_rpm770_doc0p002_window_0001.npz",data/02_spectrograms_150x100px_dataset/validation/chatter/2inchStickout_F_08-Jun-2017_rpm770_doc0p002_window_0001_chatter.png,validation,1,0.006737332,0.04331906,0.016647972,0.009814016
turning,turning,2inchStickout,2inchStickout/F_08-Jun-2017_rpm770_doc0p002,770.0,0p002,2,2inchStickout_F_08-Jun-2017_rpm770_doc0p002_window_0002,chatter,validation,"data/01_windowed_labeled_2,5s/2inchStickout/F_08-Jun-2017_rpm770_doc0p002/F_08-Jun-2017_rpm770_doc0p002_window_0002.npz",data/02_spectrograms_150x100px_dataset/validation/chatter/2inchStickout_F_08-Jun-2017_rpm770_doc0p002_window_0002_chatter.png,validation,1,0.012548668,0.074986674,0.016020156,0.014346047
turning,turning,2inchStickout,2inchStickout/F_08-Jun-2017_rpm770_doc0p002,770.0,0p002,4,2inchStickout_F_08-Jun-2017_rpm770_doc0p002_window_0004,chatter,validation,"data/01_windowed_labeled_2,5s/2inchStickout/F_08-Jun-2017_rpm770_doc0p002/F_08-Jun-2017_rpm770_doc0p002_window_0004.npz",data/02_spectrograms_150x100px_dataset/validation/chatter/2inchStickout_F_08-Jun-2017_rpm770_doc0p002_window_0004_chatter.png,validation,1,0.0032178622,0.03421545,0.0044504274,0.0036783868
turning,turning,2inchStickout,2inchStickout/F_08-Jun-2017_rpm770_doc0p002,770.0,0p002,7,2inchStickout_F_08-Jun-2017_rpm770_doc0p002_window_0007,chatter,validation,"data/01_windowed_labeled_2,5s/2inchStickout/F_08-Jun-2017_rpm770_doc0p002/F_08-Jun-2017_rpm770_doc0p002_window_0007.npz",data/02_spectrograms_150x100px_dataset/validation/chatter/2inchStickout_F_08-Jun-2017_rpm770_doc0p002_window_0007_chatter.png,validation,1,0.006095368,0.05117225,0.009496137,0.0075179054
turning,turning,2inchStickout,2inchStickout/F_08-Jun-2017_rpm770_doc0p005,770.0,0p005,0,2inchStickout_F_08-Jun-2017_rpm770_doc0p005_window_0000,chatter,validation,"data/01_windowed_labeled_2,5s/2inchStickout/F_08-Jun-2017_rpm770_doc0p005/F_08-Jun-2017_rpm770_doc0p005_window_0000.npz",data/02_spectrograms_150x100px_dataset/validation/chatter/2inchStickout_F_08-Jun-2017_rpm770_doc0p005_window_0000_chatter.png,validation,1,0.0186574,0.0769307,0.03860288,0.027721083
turning,turning,2inchStickout,2inchStickout/F_08-Jun-2017_rpm770_doc0p005,770.0,0p005,1,2inchStickout_F_08-Jun-2017_rpm770_doc0p005_window_0001,chatter,validation,"data/01_windowed_labeled_2,5s/2inchStickout/F_08-Jun-2017_rpm770_doc0p005/F_08-Jun-2017_rpm770_doc0p005_window_0001.npz",data/02_spectrograms_150x100px_dataset/validation/chatter/2inchStickout_F_08-Jun-2017_rpm770_doc0p005_window_0001_chatter.png,validation,1,0.037052307,0.138652,0.060151,0.04708518
turning,turning,2inchStickout,2inchStickout/F_08-Jun-2017_rpm770_doc0p005,770.0,0p005,2,2inchStickout_F_08-Jun-2017_rpm770_doc0p005_window_0002,chatter,validation,"data/01_windowed_labeled_2,5s/2inchStickout/F_08-Jun-2017_rpm770_doc0p005/F_08-Jun-2017_rpm770_doc0p005_window_0002.npz",data/02_spectrograms_150x100px_dataset/validation/chatter/2inchStickout_F_08-Jun-2017_rpm770_doc0p005_window_0002_chatter.png,validation,1,0.034724627,0.13521585,0.059575845,0.04037036
turning,turning,2inchStickout,2inchStickout/F_08-Jun-2017_rpm770_doc0p005,770.0,0p005,3,2inchStickout_F_08-Jun-2017_rpm770_doc0p005_window_0003,chatter,validation,"data/01_windowed_labeled_2,5s/2inchStickout/F_08-Jun-2017_rpm770_doc0p005/F_08-Jun-2017_rpm770_doc0p005_window_0003.npz",data/02_spectrograms_150x100px_dataset/validation/chatter/2inchStickout_F_08-Jun-2017_rpm770_doc0p005_window_0003_chatter.png,validation,1,0.02919615,0.12102622,0.03399454,0.032564413
turning,turning,2inchStickout,2inchStickout/F_08-Jun-2017_rpm770_doc0p005,770.0,0p005,4,2inchStickout_F_08-Jun-2017_rpm770_doc0p005_window_0004,chatter,validation,"data/01_windowed_labeled_2,5s/2inchStickout/F_08-Jun-2017_rpm770_doc0p005/F_08-Jun-2017_rpm770_doc0p005_window_0004.npz",data/02_spectrograms_150x100px_dataset/validation/chatter/2inchStickout_F_08-Jun-2017_rpm770_doc0p005_window_0004_chatter.png,validation,1,0.032915488,0.13614427,0.04270776,0.037537616
turning,turning,2inchStickout,2inchStickout/F_08-Jun-2017_rpm770_doc0p005,770.0,0p005,5,2inchStickout_F_08-Jun-2017_rpm770_doc0p005_window_0005,chatter,validation,"data/01_windowed_labeled_2,5s/2inchStickout/F_08-Jun-2017_rpm770_doc0p005/F_08-Jun-2017_rpm770_doc0p005_window_0005.npz",data/02_spectrograms_150x100px_dataset/validation/chatter/2inchStickout_F_08-Jun-2017_rpm770_doc0p005_window_0005_chatter.png,validation,1,0.039432522,0.14786474,0.067577116,0.047101796
turning,turning,2inchStickout,2inchStickout/F_08-Jun-2017_rpm770_doc0p005,770.0,0p005,6,2inchStickout_F_08-Jun-2017_rpm770_doc0p005_window_0006,chatter,validation,"data/01_windowed_labeled_2,5s/2inchStickout/F_08-Jun-2017_rpm770_doc0p005/F_08-Jun-2017_rpm770_doc0p005_window_0006.npz",data/02_spectrograms_150x100px_dataset/validation/chatter/2inchStickout_F_08-Jun-2017_rpm770_doc0p005_window_0006_chatter.png,validation,1,0.03517855,0.13653128,0.053083953,0.042813603
turning,turning,2inchStickout,2inchStickout/F_08-Jun-2017_rpm770_doc0p005,770.0,0p005,7,2inchStickout_F_08-Jun-2017_rpm770_doc0p005_window_0007,chatter,validation,"data/01_windowed_labeled_2,5s/2inchStickout/F_08-Jun-2017_rpm770_doc0p005/F_08-Jun-2017_rpm770_doc0p005_window_0007.npz",data/02_spectrograms_150x100px_dataset/validation/chatter/2inchStickout_F_08-Jun-2017_rpm770_doc0p005_window_0007_chatter.png,validation,1,0.034791406,0.13830087,0.050231397,0.04027617
turning,turning,2inchStickout,2inchStickout/F_08-Jun-2017_rpm770_doc0p005,770.0,0p005,8,2inchStickout_F_08-Jun-2017_rpm770_doc0p005_window_0008,chatter,validation,"data/01_windowed_labeled_2,5s/2inchStickout/F_08-Jun-2017_rpm770_doc0p005/F_08-Jun-2017_rpm770_doc0p005_window_0008.npz",data/02_spectrograms_150x100px_dataset/validation/chatter/2inchStickout_F_08-Jun-2017_rpm770_doc0p005_window_0008_chatter.png,validation,1,0.033745334,0.13722496,0.046747297,0.03920636
turning,turning,2inchStickout,2inchStickout/F_08-Jun-2017_rpm770_doc0p005,770.0,0p005,9,2inchStickout_F_08-Jun-2017_rpm770_doc0p005_window_0009,chatter,validation,"data/01_windowed_labeled_2,5s/2inchStickout/F_08-Jun-2017_rpm770_doc0p005/F_08-Jun-2017_rpm770_doc0p005_window_0009.npz",data/02_spectrograms_150x100px_dataset/validation/chatter/2inchStickout_F_08-Jun-2017_rpm770_doc0p005_window_0009_chatter.png,validation,1,0.035689633,0.13952878,0.056355547,0.041706976
turning,turning,2inchStickout,2inchStickout/F_08-Jun-2017_rpm770_doc0p005,770.0,0p005,10,2inchStickout_F_08-Jun-2017_rpm770_doc0p005_window_0010,chatter,validation,"data/01_windowed_labeled_2,5s/2inchStickout/F_08-Jun-2017_rpm770_doc0p005/F_08-Jun-2017_rpm770_doc0p005_window_0010.npz",data/02_spectrograms_150x100px_dataset/validation/chatter/2inchStickout_F_08-Jun-2017_rpm770_doc0p005_window_0010_chatter.png,validation,1,0.0128388805,0.07753482,0.025739979,0.01562671
turning,turning,2p5inchStickout,2p5inchStickout/F_12-Jun-2017_rpm570_doc0p008,570.0,0p008,9,2p5inchStickout_F_12-Jun-2017_rpm570_doc0p008_window_0009,no_chatter,validation,"data/01_windowed_labeled_2,5s/2p5inchStickout/F_12-Jun-2017_rpm570_doc0p008/F_12-Jun-2017_rpm570_doc0p008_window_0009.npz",data/02_spectrograms_150x100px_dataset/validation/no_chatter/2p5inchStickout_F_12-Jun-2017_rpm570_doc0p008_window_0009_no_chatter.png,validation,0,0.0017330041,0.023982044,0.0020939806,0.0020004578
turning,turning,2p5inchStickout,2p5inchStickout/F_12-Jun-2017_rpm570_doc0p012,570.0,0p012,6,2p5inchStickout_F_12-Jun-2017_rpm570_doc0p012_window_0006,no_chatter,validation,"data/01_windowed_labeled_2,5s/2p5inchStickout/F_12-Jun-2017_rpm570_doc0p012/F_12-Jun-2017_rpm570_doc0p012_window_0006.npz",data/02_spectrograms_150x100px_dataset/validation/no_chatter/2p5inchStickout_F_12-Jun-2017_rpm570_doc0p012_window_0006_no_chatter.png,validation,0,0.0012550032,0.021620424,0.0015947642,0.0013989172
turning,turning,2p5inchStickout,2p5inchStickout/F_12-Jun-2017_rpm570_doc0p012,570.0,0p012,8,2p5inchStickout_F_12-Jun-2017_rpm570_doc0p012_window_0008,no_chatter,validation,"data/01_windowed_labeled_2,5s/2p5inchStickout/F_12-Jun-2017_rpm570_doc0p012/F_12-Jun-2017_rpm570_doc0p012_window_0008.npz",data/02_spectrograms_150x100px_dataset/validation/no_chatter/2p5inchStickout_F_12-Jun-2017_rpm570_doc0p012_window_0008_no_chatter.png,validation,0,0.0019173014,0.027133105,0.002094041,0.002049426
turning,turning,2p5inchStickout,2p5inchStickout/F_12-Jun-2017_rpm570_doc0p012,570.0,0p012,9,2p5inchStickout_F_12-Jun-2017_rpm570_doc0p012_window_0009,no_chatter,validation,"data/01_windowed_labeled_2,5s/2p5inchStickout/F_12-Jun-2017_rpm570_doc0p012/F_12-Jun-2017_rpm570_doc0p012_window_0009.npz",data/02_spectrograms_150x100px_dataset/validation/no_chatter/2p5inchStickout_F_12-Jun-2017_rpm570_doc0p012_window_0009_no_chatter.png,validation,0,0.00203488,0.027114535,0.0023805941,0.0022371474
turning,turning,2p5inchStickout,2p5inchStickout/F_12-Jun-2017_rpm570_doc0p014,570.0,0p014,3,2p5inchStickout_F_12-Jun-2017_rpm570_doc0p014_window_0003,no_chatter,validation,"data/01_windowed_labeled_2,5s/2p5inchStickout/F_12-Jun-2017_rpm570_doc0p014/F_12-Jun-2017_rpm570_doc0p014_window_0003.npz",data/02_spectrograms_150x100px_dataset/validation/no_chatter/2p5inchStickout_F_12-Jun-2017_rpm570_doc0p014_window_0003_no_chatter.png,validation,0,0.0010138664,0.01866435,0.0012176143,0.001092322
turning,turning,2p5inchStickout,2p5inchStickout/F_12-Jun-2017_rpm570_doc0p014,570.0,0p014,4,2p5inchStickout_F_12-Jun-2017_rpm570_doc0p014_window_0004,no_chatter,validation,"data/01_windowed_labeled_2,5s/2p5inchStickout/F_12-Jun-2017_rpm570_doc0p014/F_12-Jun-2017_rpm570_doc0p014_window_0004.npz",data/02_spectrograms_150x100px_dataset/validation/no_chatter/2p5inchStickout_F_12-Jun-2017_rpm570_doc0p014_window_0004_no_chatter.png,validation,0,0.001014789,0.018966997,0.001219636,0.00107173
turning,turning,2p5inchStickout,2p5inchStickout/F_12-Jun-2017_rpm570_doc0p014,570.0,0p014,5,2p5inchStickout_F_12-Jun-2017_rpm570_doc0p014_window_0005,no_chatter,validation,"data/01_windowed_labeled_2,5s/2p5inchStickout/F_12-Jun-2017_rpm570_doc0p014/F_12-Jun-2017_rpm570_doc0p014_window_0005.npz",data/02_spectrograms_150x100px_dataset/validation/no_chatter/2p5inchStickout_F_12-Jun-2017_rpm570_doc0p014_window_0005_no_chatter.png,validation,0,0.00097055035,0.018507417,0.0010992038,0.0010273646
turning,turning,2p5inchStickout,2p5inchStickout/F_12-Jun-2017_rpm570_doc0p015,570.0,0p015,0,2p5inchStickout_F_12-Jun-2017_rpm570_doc0p015_window_0000,no_chatter,validation,"data/01_windowed_labeled_2,5s/2p5inchStickout/F_12-Jun-2017_rpm570_doc0p015/F_12-Jun-2017_rpm570_doc0p015_window_0000.npz",data/02_spectrograms_150x100px_dataset/validation/no_chatter/2p5inchStickout_F_12-Jun-2017_rpm570_doc0p015_window_0000_no_chatter.png,validation,0,0.00051131216,0.005548803,0.0005428797,0.0005197888
turning,turning,3p5inchStickout,3p5inchStickout/F_12-Jun-2017_rpm570_doc0p025,570.0,0p025,0,3p5inchStickout_F_12-Jun-2017_rpm570_doc0p025_window_0000,no_chatter,validation,"data/01_windowed_labeled_2,5s/3p5inchStickout/F_12-Jun-2017_rpm570_doc0p025/F_12-Jun-2017_rpm570_doc0p025_window_0000.npz",data/02_spectrograms_150x100px_dataset/validation/no_chatter/3p5inchStickout_F_12-Jun-2017_rpm570_doc0p025_window_0000_no_chatter.png,validation,0,5.282785e-05,0.0025604907,7.152952e-05,6.0034774e-05
turning,turning,3p5inchStickout,3p5inchStickout/F_12-Jun-2017_rpm570_doc0p025,570.0,0p025,3,3p5inchStickout_F_12-Jun-2017_rpm570_doc0p025_window_0003,no_chatter,validation,"data/01_windowed_labeled_2,5s/3p5inchStickout/F_12-Jun-2017_rpm570_doc0p025/F_12-Jun-2017_rpm570_doc0p025_window_0003.npz",data/02_spectrograms_150x100px_dataset/validation/no_chatter/3p5inchStickout_F_12-Jun-2017_rpm570_doc0p025_window_0003_no_chatter.png,validation,0,0.001380507,0.02147524,0.0016376354,0.0015532094
turning,turning,3p5inchStickout,3p5inchStickout/F_14-Jun-2017_rpm770_doc0p005,770.0,0p005,0,3p5inchStickout_F_14-Jun-2017_rpm770_doc0p005_window_0000,no_chatter,validation,"data/01_windowed_labeled_2,5s/3p5inchStickout/F_14-Jun-2017_rpm770_doc0p005/F_14-Jun-2017_rpm770_doc0p005_window_0000.npz",data/02_spectrograms_150x100px_dataset/validation/no_chatter/3p5inchStickout_F_14-Jun-2017_rpm770_doc0p005_window_0000_no_chatter.png,validation,0,0.0001387555,0.003801987,0.00016830146,0.00014982579
turning,turning,3p5inchStickout,3p5inchStickout/F_14-Jun-2017_rpm770_doc0p015,770.0,0p015,0,3p5inchStickout_F_14-Jun-2017_rpm770_doc0p015_window_0000,no_chatter,validation,"data/01_windowed_labeled_2,5s/3p5inchStickout/F_14-Jun-2017_rpm770_doc0p015/F_14-Jun-2017_rpm770_doc0p015_window_0000.npz",data/02_spectrograms_150x100px_dataset/validation/no_chatter/3p5inchStickout_F_14-Jun-2017_rpm770_doc0p015_window_0000_no_chatter.png,validation,0,0.00013399332,0.0036749092,0.00015297276,0.00014471292
turning,turning,3p5inchStickout,3p5inchStickout/F_14-Jun-2017_rpm770_doc0p015,770.0,0p015,3,3p5inchStickout_F_14-Jun-2017_rpm770_doc0p015_window_0003,no_chatter,validation,"data/01_windowed_labeled_2,5s/3p5inchStickout/F_14-Jun-2017_rpm770_doc0p015/F_14-Jun-2017_rpm770_doc0p015_window_0003.npz",data/02_spectrograms_150x100px_dataset/validation/no_chatter/3p5inchStickout_F_14-Jun-2017_rpm770_doc0p015_window_0003_no_chatter.png,validation,0,0.0034132719,0.034655366,0.0052201273,0.0038474426
turning,turning,4p5inchStickout,4p5inchStickout/F_12-Jun-2017_rpm570_doc0p005,570.0,0p005,0,4p5inchStickout_F_12-Jun-2017_rpm570_doc0p005_window_0000,no_chatter,validation,"data/01_windowed_labeled_2,5s/4p5inchStickout/F_12-Jun-2017_rpm570_doc0p005/F_12-Jun-2017_rpm570_doc0p005_window_0000.npz",data/02_spectrograms_150x100px_dataset/validation/no_chatter/4p5inchStickout_F_12-Jun-2017_rpm570_doc0p005_window_0000_no_chatter.png,validation,0,5.0130307e-05,0.0024481253,6.425797e-05,5.4659224e-05
turning,turning,4p5inchStickout,4p5inchStickout/F_12-Jun-2017_rpm570_doc0p005,570.0,0p005,2,4p5inchStickout_F_12-Jun-2017_rpm570_doc0p005_window_0002,no_chatter,validation,"data/01_windowed_labeled_2,5s/4p5inchStickout/F_12-Jun-2017_rpm570_doc0p005/F_12-Jun-2017_rpm570_doc0p005_window_0002.npz",data/02_spectrograms_150x100px_dataset/validation/no_chatter/4p5inchStickout_F_12-Jun-2017_rpm570_doc0p005_window_0002_no_chatter.png,validation,0,4.3265754e-05,0.002340681,5.478395e-05,4.6349294e-05
turning,turning,4p5inchStickout,4p5inchStickout/F_12-Jun-2017_rpm570_doc0p005,570.0,0p005,5,4p5inchStickout_F_12-Jun-2017_rpm570_doc0p005_window_0005,no_chatter,validation,"data/01_windowed_labeled_2,5s/4p5inchStickout/F_12-Jun-2017_rpm570_doc0p005/F_12-Jun-2017_rpm570_doc0p005_window_0005.npz",data/02_spectrograms_150x100px_dataset/validation/no_chatter/4p5inchStickout_F_12-Jun-2017_rpm570_doc0p005_window_0005_no_chatter.png,validation,0,0.00070609414,0.013126755,0.0013169186,0.0010586169
turning,turning,4p5inchStickout,4p5inchStickout/F_12-Jun-2017_rpm570_doc0p035,570.0,0p035,0,4p5inchStickout_F_12-Jun-2017_rpm570_doc0p035_window_0000,no_chatter,validation,"data/01_windowed_labeled_2,5s/4p5inchStickout/F_12-Jun-2017_rpm570_doc0p035/F_12-Jun-2017_rpm570_doc0p035_window_0000.npz",data/02_spectrograms_150x100px_dataset/validation/no_chatter/4p5inchStickout_F_12-Jun-2017_rpm570_doc0p035_window_0000_no_chatter.png,validation,0,0.0011887074,0.02212353,0.0013714932,0.0012855926
turning,turning,4p5inchStickout,4p5inchStickout/F_12-Jun-2017_rpm570_doc0p035,570.0,0p035,1,4p5inchStickout_F_12-Jun-2017_rpm570_doc0p035_window_0001,no_chatter,validation,"data/01_windowed_labeled_2,5s/4p5inchStickout/F_12-Jun-2017_rpm570_doc0p035/F_12-Jun-2017_rpm570_doc0p035_window_0001.npz",data/02_spectrograms_150x100px_dataset/validation/no_chatter/4p5inchStickout_F_12-Jun-2017_rpm570_doc0p035_window_0001_no_chatter.png,validation,0,0.0014630408,0.025174892,0.0020122714,0.0016380944
turning,turning,4p5inchStickout,4p5inchStickout/F_12-Jun-2017_rpm570_doc0p035,570.0,0p035,10,4p5inchStickout_F_12-Jun-2017_rpm570_doc0p035_window_0010,no_chatter,validation,"data/01_windowed_labeled_2,5s/4p5inchStickout/F_12-Jun-2017_rpm570_doc0p035/F_12-Jun-2017_rpm570_doc0p035_window_0010.npz",data/02_spectrograms_150x100px_dataset/validation/no_chatter/4p5inchStickout_F_12-Jun-2017_rpm570_doc0p035_window_0010_no_chatter.png,validation,0,6.8595844e-05,0.0026311416,0.00011610499,8.500868e-05
turning,turning,4p5inchStickout,4p5inchStickout/F_13-Jun-2017_rpm1030_doc0p014,1030.0,0p014,2,4p5inchStickout_F_13-Jun-2017_rpm1030_doc0p014_window_0002,no_chatter,validation,"data/01_windowed_labeled_2,5s/4p5inchStickout/F_13-Jun-2017_rpm1030_doc0p014/F_13-Jun-2017_rpm1030_doc0p014_window_0002.npz",data/02_spectrograms_150x100px_dataset/validation/no_chatter/4p5inchStickout_F_13-Jun-2017_rpm1030_doc0p014_window_0002_no_chatter.png,validation,0,0.0013603872,0.024305088,0.0014755039,0.0014375169
turning,turning,4p5inchStickout,4p5inchStickout/F_13-Jun-2017_rpm1030_doc0p015,1030.0,0p015,3,4p5inchStickout_F_13-Jun-2017_rpm1030_doc0p015_window_0003,no_chatter,validation,"data/01_windowed_labeled_2,5s/4p5inchStickout/F_13-Jun-2017_rpm1030_doc0p015/F_13-Jun-2017_rpm1030_doc0p015_window_0003.npz",data/02_spectrograms_150x100px_dataset/validation/no_chatter/4p5inchStickout_F_13-Jun-2017_rpm1030_doc0p015_window_0003_no_chatter.png,validation,0,0.0035790657,0.038618542,0.0045298687,0.0039731353
turning,turning,4p5inchStickout,4p5inchStickout/F_13-Jun-2017_rpm770_doc0p015,770.0,0p015,1,4p5inchStickout_F_13-Jun-2017_rpm770_doc0p015_window_0001,no_chatter,validation,"data/01_windowed_labeled_2,5s/4p5inchStickout/F_13-Jun-2017_rpm770_doc0p015/F_13-Jun-2017_rpm770_doc0p015_window_0001.npz",data/02_spectrograms_150x100px_dataset/validation/no_chatter/4p5inchStickout_F_13-Jun-2017_rpm770_doc0p015_window_0001_no_chatter.png,validation,0,0.00066042336,0.010589965,0.0018121558,0.0010646991
turning,turning,4p5inchStickout,4p5inchStickout/F_13-Jun-2017_rpm770_doc0p015,770.0,0p015,2,4p5inchStickout_F_13-Jun-2017_rpm770_doc0p015_window_0002,no_chatter,validation,"data/01_windowed_labeled_2,5s/4p5inchStickout/F_13-Jun-2017_rpm770_doc0p015/F_13-Jun-2017_rpm770_doc0p015_window_0002.npz",data/02_spectrograms_150x100px_dataset/validation/no_chatter/4p5inchStickout_F_13-Jun-2017_rpm770_doc0p015_window_0002_no_chatter.png,validation,0,0.0012010309,0.02111132,0.0013644513,0.0013122051
turning,turning,4p5inchStickout,4p5inchStickout/F_13-Jun-2017_rpm770_doc0p015,770.0,0p015,4,4p5inchStickout_F_13-Jun-2017_rpm770_doc0p015_window_0004,no_chatter,validation,"data/01_windowed_labeled_2,5s/4p5inchStickout/F_13-Jun-2017_rpm770_doc0p015/F_13-Jun-2017_rpm770_doc0p015_window_0004.npz",data/02_spectrograms_150x100px_dataset/validation/no_chatter/4p5inchStickout_F_13-Jun-2017_rpm770_doc0p015_window_0004_no_chatter.png,validation,0,0.0014369064,0.02377513,0.0019096828,0.0016274325
turning,turning,4p5inchStickout,4p5inchStickout/F_13-Jun-2017_rpm770_doc0p015,770.0,0p015,5,4p5inchStickout_F_13-Jun-2017_rpm770_doc0p015_window_0005,no_chatter,validation,"data/01_windowed_labeled_2,5s/4p5inchStickout/F_13-Jun-2017_rpm770_doc0p015/F_13-Jun-2017_rpm770_doc0p015_window_0005.npz",data/02_spectrograms_150x100px_dataset/validation/no_chatter/4p5inchStickout_F_13-Jun-2017_rpm770_doc0p015_window_0005_no_chatter.png,validation,0,0.0011340167,0.020699568,0.0013847062,0.0012463952
turning,turning,2inchStickout,2inchStickout/F_08-Jun-2017_rpm320_doc0p040,320.0,0p040,0,2inchStickout_F_08-Jun-2017_rpm320_doc0p040_window_0000,no_chatter,validation,"data/01_windowed_labeled_2,5s/2inchStickout/F_08-Jun-2017_rpm320_doc0p040/F_08-Jun-2017_rpm320_doc0p040_window_0000.npz",data/02_spectrograms_150x100px_dataset/test/no_chatter/2inchStickout_F_08-Jun-2017_rpm320_doc0p040_window_0000_no_chatter.png,test,0,6.537502e-05,0.0026783121,7.919472e-05,7.263824e-05
turning,turning,2inchStickout,2inchStickout/F_08-Jun-2017_rpm320_doc0p040,320.0,0p040,3,2inchStickout_F_08-Jun-2017_rpm320_doc0p040_window_0003,no_chatter,validation,"data/01_windowed_labeled_2,5s/2inchStickout/F_08-Jun-2017_rpm320_doc0p040/F_08-Jun-2017_rpm320_doc0p040_window_0003.npz",data/02_spectrograms_150x100px_dataset/test/no_chatter/2inchStickout_F_08-Jun-2017_rpm320_doc0p040_window_0003_no_chatter.png,test,0,0.0009423273,0.012692605,0.0020705163,0.0012405124
turning,turning,2inchStickout,2inchStickout/F_08-Jun-2017_rpm320_doc0p040,320.0,0p040,4,2inchStickout_F_08-Jun-2017_rpm320_doc0p040_window_0004,no_chatter,validation,"data/01_windowed_labeled_2,5s/2inchStickout/F_08-Jun-2017_rpm320_doc0p040/F_08-Jun-2017_rpm320_doc0p040_window_0004.npz",data/02_spectrograms_150x100px_dataset/test/no_chatter/2inchStickout_F_08-Jun-2017_rpm320_doc0p040_window_0004_no_chatter.png,test,0,0.0007449708,0.012329384,0.0016229806,0.0009420817
turning,turning,2inchStickout,2inchStickout/F_08-Jun-2017_rpm320_doc0p040,320.0,0p040,12,2inchStickout_F_08-Jun-2017_rpm320_doc0p040_window_0012,no_chatter,validation,"data/01_windowed_labeled_2,5s/2inchStickout/F_08-Jun-2017_rpm320_doc0p040/F_08-Jun-2017_rpm320_doc0p040_window_0012.npz",data/02_spectrograms_150x100px_dataset/test/no_chatter/2inchStickout_F_08-Jun-2017_rpm320_doc0p040_window_0012_no_chatter.png,test,0,0.00087932375,0.016521173,0.0012303855,0.0010050726
turning,turning,2inchStickout,2inchStickout/F_08-Jun-2017_rpm320_doc0p040,320.0,0p040,22,2inchStickout_F_08-Jun-2017_rpm320_doc0p040_window_0022,no_chatter,validation,"data/01_windowed_labeled_2,5s/2inchStickout/F_08-Jun-2017_rpm320_doc0p040/F_08-Jun-2017_rpm320_doc0p040_window_0022.npz",data/02_spectrograms_150x100px_dataset/test/no_chatter/2inchStickout_F_08-Jun-2017_rpm320_doc0p040_window_0022_no_chatter.png,test,0,0.0005673538,0.01301828,0.0006819173,0.00061218685
turning,turning,2inchStickout,2inchStickout/F_08-Jun-2017_rpm320_doc0p050,320.0,0p050,3,2inchStickout_F_08-Jun-2017_rpm320_doc0p050_window_0003,no_chatter,validation,"data/01_windowed_labeled_2,5s/2inchStickout/F_08-Jun-2017_rpm320_doc0p050/F_08-Jun-2017_rpm320_doc0p050_window_0003.npz",data/02_spectrograms_150x100px_dataset/test/no_chatter/2inchStickout_F_08-Jun-2017_rpm320_doc0p050_window_0003_no_chatter.png,test,0,0.0015271945,0.017520944,0.0024161348,0.0018496662
turning,turning,2inchStickout,2inchStickout/F_08-Jun-2017_rpm320_doc0p050,320.0,0p050,8,2inchStickout_F_08-Jun-2017_rpm320_doc0p050_window_0008,no_chatter,validation,"data/01_windowed_labeled_2,5s/2inchStickout/F_08-Jun-2017_rpm320_doc0p050/F_08-Jun-2017_rpm320_doc0p050_window_0008.npz",data/02_spectrograms_150x100px_dataset/test/no_chatter/2inchStickout_F_08-Jun-2017_rpm320_doc0p050_window_0008_no_chatter.png,test,0,0.00046050738,0.011742242,0.0005439485,0.0004978834
turning,turning,2inchStickout,2inchStickout/F_08-Jun-2017_rpm320_doc0p050,320.0,0p050,9,2inchStickout_F_08-Jun-2017_rpm320_doc0p050_window_0009,no_chatter,validation,"data/01_windowed_labeled_2,5s/2inchStickout/F_08-Jun-2017_rpm320_doc0p050/F_08-Jun-2017_rpm320_doc0p050_window_0009.npz",data/02_spectrograms_150x100px_dataset/test/no_chatter/2inchStickout_F_08-Jun-2017_rpm320_doc0p050_window_0009_no_chatter.png,test,0,0.00058295357,0.013142753,0.0007542515,0.0006365533
turning,turning,2inchStickout,2inchStickout/F_08-Jun-2017_rpm320_doc0p050,320.0,0p050,12,2inchStickout_F_08-Jun-2017_rpm320_doc0p050_window_0012,no_chatter,validation,"data/01_windowed_labeled_2,5s/2inchStickout/F_08-Jun-2017_rpm320_doc0p050/F_08-Jun-2017_rpm320_doc0p050_window_0012.npz",data/02_spectrograms_150x100px_dataset/test/no_chatter/2inchStickout_F_08-Jun-2017_rpm320_doc0p050_window_0012_no_chatter.png,test,0,0.0005166143,0.012258233,0.0005757139,0.00053782336
turning,turning,2inchStickout,2inchStickout/F_08-Jun-2017_rpm320_doc0p050,320.0,0p050,13,2inchStickout_F_08-Jun-2017_rpm320_doc0p050_window_0013,no_chatter,validation,"data/01_windowed_labeled_2,5s/2inchStickout/F_08-Jun-2017_rpm320_doc0p050/F_08-Jun-2017_rpm320_doc0p050_window_0013.npz",data/02_spectrograms_150x100px_dataset/test/no_chatter/2inchStickout_F_08-Jun-2017_rpm320_doc0p050_window_0013_no_chatter.png,test,0,0.00080573594,0.015066366,0.0009831152,0.0008944661
turning,turning,2inchStickout,2inchStickout/F_08-Jun-2017_rpm320_doc0p050,320.0,0p050,14,2inchStickout_F_08-Jun-2017_rpm320_doc0p050_window_0014,no_chatter,validation,"data/01_windowed_labeled_2,5s/2inchStickout/F_08-Jun-2017_rpm320_doc0p050/F_08-Jun-2017_rpm320_doc0p050_window_0014.npz",data/02_spectrograms_150x100px_dataset/test/no_chatter/2inchStickout_F_08-Jun-2017_rpm320_doc0p050_window_0014_no_chatter.png,test,0,0.00070199854,0.014993229,0.0008353822,0.00076031196
turning,turning,2inchStickout,2inchStickout/F_08-Jun-2017_rpm320_doc0p050,320.0,0p050,17,2inchStickout_F_08-Jun-2017_rpm320_doc0p050_window_0017,no_chatter,validation,"data/01_windowed_labeled_2,5s/2inchStickout/F_08-Jun-2017_rpm320_doc0p050/F_08-Jun-2017_rpm320_doc0p050_window_0017.npz",data/02_spectrograms_150x100px_dataset/test/no_chatter/2inchStickout_F_08-Jun-2017_rpm320_doc0p050_window_0017_no_chatter.png,test,0,0.0005984492,0.013262089,0.00071644154,0.0006597478
turning,turning,2inchStickout,2inchStickout/F_08-Jun-2017_rpm320_doc0p050,320.0,0p050,22,2inchStickout_F_08-Jun-2017_rpm320_doc0p050_window_0022,no_chatter,validation,"data/01_windowed_labeled_2,5s/2inchStickout/F_08-Jun-2017_rpm320_doc0p050/F_08-Jun-2017_rpm320_doc0p050_window_0022.npz",data/02_spectrograms_150x100px_dataset/test/no_chatter/2inchStickout_F_08-Jun-2017_rpm320_doc0p050_window_0022_no_chatter.png,test,0,0.0005989312,0.013113665,0.0006685182,0.00066225143
turning,turning,2inchStickout,2inchStickout/F_08-Jun-2017_rpm320_doc0p050,320.0,0p050,23,2inchStickout_F_08-Jun-2017_rpm320_doc0p050_window_0023,no_chatter,validation,"data/01_windowed_labeled_2,5s/2inchStickout/F_08-Jun-2017_rpm320_doc0p050/F_08-Jun-2017_rpm320_doc0p050_window_0023.npz",data/02_spectrograms_150x100px_dataset/test/no_chatter/2inchStickout_F_08-Jun-2017_rpm320_doc0p050_window_0023_no_chatter.png,test,0,0.00076482934,0.014978361,0.0012080617,0.00085999357
turning,turning,2inchStickout,2inchStickout/F_08-Jun-2017_rpm425_doc0p005,425.0,0p005,3,2inchStickout_F_08-Jun-2017_rpm425_doc0p005_window_0003,no_chatter,validation,"data/01_windowed_labeled_2,5s/2inchStickout/F_08-Jun-2017_rpm425_doc0p005/F_08-Jun-2017_rpm425_doc0p005_window_0003.npz",data/02_spectrograms_150x100px_dataset/test/no_chatter/2inchStickout_F_08-Jun-2017_rpm425_doc0p005_window_0003_no_chatter.png,test,0,0.00071001134,0.014734944,0.00079022005,0.0007485494
turning,turning,2inchStickout,2inchStickout/F_08-Jun-2017_rpm425_doc0p005,425.0,0p005,5,2inchStickout_F_08-Jun-2017_rpm425_doc0p005_window_0005,no_chatter,validation,"data/01_windowed_labeled_2,5s/2inchStickout/F_08-Jun-2017_rpm425_doc0p005/F_08-Jun-2017_rpm425_doc0p005_window_0005.npz",data/02_spectrograms_150x100px_dataset/test/no_chatter/2inchStickout_F_08-Jun-2017_rpm425_doc0p005_window_0005_no_chatter.png,test,0,0.0007606006,0.01512001,0.00083310093,0.0007830463
turning,turning,2inchStickout,2inchStickout/F_08-Jun-2017_rpm425_doc0p020,425.0,0p020,2,2inchStickout_F_08-Jun-2017_rpm425_doc0p020_window_0002,no_chatter,validation,"data/01_windowed_labeled_2,5s/2inchStickout/F_08-Jun-2017_rpm425_doc0p020/F_08-Jun-2017_rpm425_doc0p020_window_0002.npz",data/02_spectrograms_150x100px_dataset/test/no_chatter/2inchStickout_F_08-Jun-2017_rpm425_doc0p020_window_0002_no_chatter.png,test,0,0.0011363287,0.018342616,0.0014403237,0.0012454347
turning,turning,2inchStickout,2inchStickout/F_08-Jun-2017_rpm425_doc0p020,425.0,0p020,5,2inchStickout_F_08-Jun-2017_rpm425_doc0p020_window_0005,no_chatter,validation,"data/01_windowed_labeled_2,5s/2inchStickout/F_08-Jun-2017_rpm425_doc0p020/F_08-Jun-2017_rpm425_doc0p020_window_0005.npz",data/02_spectrograms_150x100px_dataset/test/no_chatter/2inchStickout_F_08-Jun-2017_rpm425_doc0p020_window_0005_no_chatter.png,test,0,0.0043151854,0.031496055,0.0076906686,0.0058277384
turning,turning,2inchStickout,2inchStickout/F_08-Jun-2017_rpm425_doc0p025,425.0,0p025,2,2inchStickout_F_08-Jun-2017_rpm425_doc0p025_window_0002,no_chatter,validation,"data/01_windowed_labeled_2,5s/2inchStickout/F_08-Jun-2017_rpm425_doc0p025/F_08-Jun-2017_rpm425_doc0p025_window_0002.npz",data/02_spectrograms_150x100px_dataset/test/no_chatter/2inchStickout_F_08-Jun-2017_rpm425_doc0p025_window_0002_no_chatter.png,test,0,0.0008887392,0.01568683,0.0010988732,0.000976635
turning,turning,2inchStickout,2inchStickout/F_08-Jun-2017_rpm570_doc0p002,570.0,0p002,2,2inchStickout_F_08-Jun-2017_rpm570_doc0p002_window_0002,chatter,validation,"data/01_windowed_labeled_2,5s/2inchStickout/F_08-Jun-2017_rpm570_doc0p002/F_08-Jun-2017_rpm570_doc0p002_window_0002.npz",data/02_spectrograms_150x100px_dataset/test/chatter/2inchStickout_F_08-Jun-2017_rpm570_doc0p002_window_0002_chatter.png,test,1,0.0037539518,0.03400293,0.0063185412,0.0049541392
turning,turning,2inchStickout,2inchStickout/F_08-Jun-2017_rpm570_doc0p002,570.0,0p002,3,2inchStickout_F_08-Jun-2017_rpm570_doc0p002_window_0003,chatter,validation,"data/01_windowed_labeled_2,5s/2inchStickout/F_08-Jun-2017_rpm570_doc0p002/F_08-Jun-2017_rpm570_doc0p002_window_0003.npz",data/02_spectrograms_150x100px_dataset/test/chatter/2inchStickout_F_08-Jun-2017_rpm570_doc0p002_window_0003_chatter.png,test,1,0.0055817417,0.046135247,0.006901366,0.0061058924
turning,turning,2inchStickout,2inchStickout/F_08-Jun-2017_rpm570_doc0p005,570.0,0p005,1,2inchStickout_F_08-Jun-2017_rpm570_doc0p005_window_0001,no_chatter,validation,"data/01_windowed_labeled_2,5s/2inchStickout/F_08-Jun-2017_rpm570_doc0p005/F_08-Jun-2017_rpm570_doc0p005_window_0001.npz",data/02_spectrograms_150x100px_dataset/test/no_chatter/2inchStickout_F_08-Jun-2017_rpm570_doc0p005_window_0001_no_chatter.png,test,0,0.00070940354,0.012487764,0.0010504464,0.00091274997
turning,turning,2inchStickout,2inchStickout/F_08-Jun-2017_rpm570_doc0p005,570.0,0p005,2,2inchStickout_F_08-Jun-2017_rpm570_doc0p005_window_0002,chatter,validation,"data/01_windowed_labeled_2,5s/2inchStickout/F_08-Jun-2017_rpm570_doc0p005/F_08-Jun-2017_rpm570_doc0p005_window_0002.npz",data/02_spectrograms_150x100px_dataset/test/chatter/2inchStickout_F_08-Jun-2017_rpm570_doc0p005_window_0002_chatter.png,test,1,0.0028445486,0.030129166,0.0044815824,0.003712301
turning,turning,2inchStickout,2inchStickout/F_08-Jun-2017_rpm570_doc0p010,570.0,0p010,0,2inchStickout_F_08-Jun-2017_rpm570_doc0p010_window_0000,no_chatter,validation,"data/01_windowed_labeled_2,5s/2inchStickout/F_08-Jun-2017_rpm570_doc0p010/F_08-Jun-2017_rpm570_doc0p010_window_0000.npz",data/02_spectrograms_150x100px_dataset/test/no_chatter/2inchStickout_F_08-Jun-2017_rpm570_doc0p010_window_0000_no_chatter.png,test,0,8.557854e-05,0.0031372602,0.000107991764,9.424931e-05
turning,turning,2inchStickout,2inchStickout/F_08-Jun-2017_rpm570_doc0p010,570.0,0p010,1,2inchStickout_F_08-Jun-2017_rpm570_doc0p010_window_0001,no_chatter,validation,"data/01_windowed_labeled_2,5s/2inchStickout/F_08-Jun-2017_rpm570_doc0p010/F_08-Jun-2017_rpm570_doc0p010_window_0001.npz",data/02_spectrograms_150x100px_dataset/test/no_chatter/2inchStickout_F_08-Jun-2017_rpm570_doc0p010_window_0001_no_chatter.png,test,0,0.0012392341,0.017066786,0.0027510962,0.0016722969
turning,turning,2inchStickout,2inchStickout/F_08-Jun-2017_rpm570_doc0p010,570.0,0p010,2,2inchStickout_F_08-Jun-2017_rpm570_doc0p010_window_0002,chatter,validation,"data/01_windowed_labeled_2,5s/2inchStickout/F_08-Jun-2017_rpm570_doc0p010/F_08-Jun-2017_rpm570_doc0p010_window_0002.npz",data/02_spectrograms_150x100px_dataset/test/chatter/2inchStickout_F_08-Jun-2017_rpm570_doc0p010_window_0002_chatter.png,test,1,0.003709811,0.03760484,0.004729904,0.0041762195
turning,turning,2inchStickout,2inchStickout/F_08-Jun-2017_rpm570_doc0p010,570.0,0p010,3,2inchStickout_F_08-Jun-2017_rpm570_doc0p010_window_0003,chatter,validation,"data/01_windowed_labeled_2,5s/2inchStickout/F_08-Jun-2017_rpm570_doc0p010/F_08-Jun-2017_rpm570_doc0p010_window_0003.npz",data/02_spectrograms_150x100px_dataset/test/chatter/2inchStickout_F_08-Jun-2017_rpm570_doc0p010_window_0003_chatter.png,test,1,0.002779617,0.03281568,0.0040580714,0.0031880243
turning,turning,2inchStickout,2inchStickout/F_08-Jun-2017_rpm570_doc0p010,570.0,0p010,4,2inchStickout_F_08-Jun-2017_rpm570_doc0p010_window_0004,chatter,validation,"data/01_windowed_labeled_2,5s/2inchStickout/F_08-Jun-2017_rpm570_doc0p010/F_08-Jun-2017_rpm570_doc0p010_window_0004.npz",data/02_spectrograms_150x100px_dataset/test/chatter/2inchStickout_F_08-Jun-2017_rpm570_doc0p010_window_0004_chatter.png,test,1,0.0038998222,0.039516374,0.0046532373,0.004196083
turning,turning,2inchStickout,2inchStickout/F_08-Jun-2017_rpm570_doc0p010,570.0,0p010,5,2inchStickout_F_08-Jun-2017_rpm570_doc0p010_window_0005,chatter,validation,"data/01_windowed_labeled_2,5s/2inchStickout/F_08-Jun-2017_rpm570_doc0p010/F_08-Jun-2017_rpm570_doc0p010_window_0005.npz",data/02_spectrograms_150x100px_dataset/test/chatter/2inchStickout_F_08-Jun-2017_rpm570_doc0p010_window_0005_chatter.png,test,1,0.004610157,0.04363009,0.0059961225,0.005065549
turning,turning,2inchStickout,2inchStickout/F_08-Jun-2017_rpm770_doc0p001,770.0,0p001,0,2inchStickout_F_08-Jun-2017_rpm770_doc0p001_window_0000,no_chatter,validation,"data/01_windowed_labeled_2,5s/2inchStickout/F_08-Jun-2017_rpm770_doc0p001/F_08-Jun-2017_rpm770_doc0p001_window_0000.npz",data/02_spectrograms_150x100px_dataset/test/no_chatter/2inchStickout_F_08-Jun-2017_rpm770_doc0p001_window_0000_no_chatter.png,test,0,0.00021612065,0.004871606,0.00023137174,0.00022710372
turning,turning,2inchStickout,2inchStickout/F_08-Jun-2017_rpm770_doc0p001,770.0,0p001,6,2inchStickout_F_08-Jun-2017_rpm770_doc0p001_window_0006,chatter,validation,"data/01_windowed_labeled_2,5s/2inchStickout/F_08-Jun-2017_rpm770_doc0p001/F_08-Jun-2017_rpm770_doc0p001_window_0006.npz",data/02_spectrograms_150x100px_dataset/test/chatter/2inchStickout_F_08-Jun-2017_rpm770_doc0p001_window_0006_chatter.png,test,1,0.0031733643,0.036231015,0.0044544176,0.0035466955
turning,turning,2inchStickout,2inchStickout/F_08-Jun-2017_rpm770_doc0p001,770.0,0p001,7,2inchStickout_F_08-Jun-2017_rpm770_doc0p001_window_0007,chatter,validation,"data/01_windowed_labeled_2,5s/2inchStickout/F_08-Jun-2017_rpm770_doc0p001/F_08-Jun-2017_rpm770_doc0p001_window_0007.npz",data/02_spectrograms_150x100px_dataset/test/chatter/2inchStickout_F_08-Jun-2017_rpm770_doc0p001_window_0007_chatter.png,test,1,0.007924028,0.058801737,0.009152104,0.008811369
turning,turning,2inchStickout,2inchStickout/F_08-Jun-2017_rpm770_doc0p010,770.0,0p010,1,2inchStickout_F_08-Jun-2017_rpm770_doc0p010_window_0001,chatter,validation,"data/01_windowed_labeled_2,5s/2inchStickout/F_08-Jun-2017_rpm770_doc0p010/F_08-Jun-2017_rpm770_doc0p010_window_0001.npz",data/02_spectrograms_150x100px_dataset/test/chatter/2inchStickout_F_08-Jun-2017_rpm770_doc0p010_window_0001_chatter.png,test,1,0.01626966,0.06295893,0.04523584,0.025868038
turning,turning,2inchStickout,2inchStickout/F_08-Jun-2017_rpm770_doc0p010,770.0,0p010,2,2inchStickout_F_08-Jun-2017_rpm770_doc0p010_window_0002,chatter,validation,"data/01_windowed_labeled_2,5s/2inchStickout/F_08-Jun-2017_rpm770_doc0p010/F_08-Jun-2017_rpm770_doc0p010_window_0002.npz",data/02_spectrograms_150x100px_dataset/test/chatter/2inchStickout_F_08-Jun-2017_rpm770_doc0p010_window_0002_chatter.png,test,1,0.018034497,0.08898236,0.02328917,0.02077903
turning,turning,2inchStickout,2inchStickout/F_08-Jun-2017_rpm770_doc0p010,770.0,0p010,3,2inchStickout_F_08-Jun-2017_rpm770_doc0p010_window_0003,chatter,validation,"data/01_windowed_labeled_2,5s/2inchStickout/F_08-Jun-2017_rpm770_doc0p010/F_08-Jun-2017_rpm770_doc0p010_window_0003.npz",data/02_spectrograms_150x100px_dataset/test/chatter/2inchStickout_F_08-Jun-2017_rpm770_doc0p010_window_0003_chatter.png,test,1,0.0232095,0.10202041,0.029574715,0.026754128
turning,turning,2inchStickout,2inchStickout/F_08-Jun-2017_rpm770_doc0p010,770.0,0p010,4,2inchStickout_F_08-Jun-2017_rpm770_doc0p010_window_0004,chatter,validation,"data/01_windowed_labeled_2,5s/2inchStickout/F_08-Jun-2017_rpm770_doc0p010/F_08-Jun-2017_rpm770_doc0p010_window_0004.npz",data/02_spectrograms_150x100px_dataset/test/chatter/2inchStickout_F_08-Jun-2017_rpm770_doc0p010_window_0004_chatter.png,test,1,0.024239562,0.10634654,0.034470327,0.028960904
turning,turning,2inchStickout,2inchStickout/F_08-Jun-2017_rpm770_doc0p010,770.0,0p010,5,2inchStickout_F_08-Jun-2017_rpm770_doc0p010_window_0005,chatter,validation,"data/01_windowed_labeled_2,5s/2inchStickout/F_08-Jun-2017_rpm770_doc0p010/F_08-Jun-2017_rpm770_doc0p010_window_0005.npz",data/02_spectrograms_150x100px_dataset/test/chatter/2inchStickout_F_08-Jun-2017_rpm770_doc0p010_window_0005_chatter.png,test,1,0.025858767,0.110583484,0.03556151,0.030869007
turning,turning,2inchStickout,2inchStickout/F_08-Jun-2017_rpm770_doc0p010,770.0,0p010,6,2inchStickout_F_08-Jun-2017_rpm770_doc0p010_window_0006,chatter,validation,"data/01_windowed_labeled_2,5s/2inchStickout/F_08-Jun-2017_rpm770_doc0p010/F_08-Jun-2017_rpm770_doc0p010_window_0006.npz",data/02_spectrograms_150x100px_dataset/test/chatter/2inchStickout_F_08-Jun-2017_rpm770_doc0p010_window_0006_chatter.png,test,1,0.023681343,0.10460829,0.031392027,0.027448086
turning,turning,2inchStickout,2inchStickout/F_08-Jun-2017_rpm770_doc0p010,770.0,0p010,7,2inchStickout_F_08-Jun-2017_rpm770_doc0p010_window_0007,chatter,validation,"data/01_windowed_labeled_2,5s/2inchStickout/F_08-Jun-2017_rpm770_doc0p010/F_08-Jun-2017_rpm770_doc0p010_window_0007.npz",data/02_spectrograms_150x100px_dataset/test/chatter/2inchStickout_F_08-Jun-2017_rpm770_doc0p010_window_0007_chatter.png,test,1,0.022875896,0.101706095,0.033812523,0.027154915
turning,turning,2inchStickout,2inchStickout/F_08-Jun-2017_rpm770_doc0p010,770.0,0p010,8,2inchStickout_F_08-Jun-2017_rpm770_doc0p010_window_0008,chatter,validation,"data/01_windowed_labeled_2,5s/2inchStickout/F_08-Jun-2017_rpm770_doc0p010/F_08-Jun-2017_rpm770_doc0p010_window_0008.npz",data/02_spectrograms_150x100px_dataset/test/chatter/2inchStickout_F_08-Jun-2017_rpm770_doc0p010_window_0008_chatter.png,test,1,0.024968026,0.10975779,0.032292884,0.029299999
turning,turning,2inchStickout,2inchStickout/F_08-Jun-2017_rpm770_doc0p010,770.0,0p010,9,2inchStickout_F_08-Jun-2017_rpm770_doc0p010_window_0009,chatter,validation,"data/01_windowed_labeled_2,5s/2inchStickout/F_08-Jun-2017_rpm770_doc0p010/F_08-Jun-2017_rpm770_doc0p010_window_0009.npz",data/02_spectrograms_150x100px_dataset/test/chatter/2inchStickout_F_08-Jun-2017_rpm770_doc0p010_window_0009_chatter.png,test,1,0.025445554,0.11069069,0.031360056,0.029599002
turning,turning,2inchStickout,2inchStickout/F_08-Jun-2017_rpm770_doc0p010,770.0,0p010,10,2inchStickout_F_08-Jun-2017_rpm770_doc0p010_window_0010,chatter,validation,"data/01_windowed_labeled_2,5s/2inchStickout/F_08-Jun-2017_rpm770_doc0p010/F_08-Jun-2017_rpm770_doc0p010_window_0010.npz",data/02_spectrograms_150x100px_dataset/test/chatter/2inchStickout_F_08-Jun-2017_rpm770_doc0p010_window_0010_chatter.png,test,1,0.029102035,0.1207042,0.04564824,0.035169154
turning,turning,2inchStickout,2inchStickout/F_08-Jun-2017_rpm770_doc0p010,770.0,0p010,11,2inchStickout_F_08-Jun-2017_rpm770_doc0p010_window_0011,chatter,validation,"data/01_windowed_labeled_2,5s/2inchStickout/F_08-Jun-2017_rpm770_doc0p010/F_08-Jun-2017_rpm770_doc0p010_window_0011.npz",data/02_spectrograms_150x100px_dataset/test/chatter/2inchStickout_F_08-Jun-2017_rpm770_doc0p010_window_0011_chatter.png,test,1,0.028043633,0.11954421,0.03862239,0.03218023
turning,turning,2inchStickout,2inchStickout/F_08-Jun-2017_rpm770_doc0p010,770.0,0p010,12,2inchStickout_F_08-Jun-2017_rpm770_doc0p010_window_0012,chatter,validation,"data/01_windowed_labeled_2,5s/2inchStickout/F_08-Jun-2017_rpm770_doc0p010/F_08-Jun-2017_rpm770_doc0p010_window_0012.npz",data/02_spectrograms_150x100px_dataset/test/chatter/2inchStickout_F_08-Jun-2017_rpm770_doc0p010_window_0012_chatter.png,test,1,0.023321992,0.10481463,0.029683245,0.027250191
turning,turning,2inchStickout,2inchStickout/F_08-Jun-2017_rpm770_doc0p010,770.0,0p010,13,2inchStickout_F_08-Jun-2017_rpm770_doc0p010_window_0013,chatter,validation,"data/01_windowed_labeled_2,5s/2inchStickout/F_08-Jun-2017_rpm770_doc0p010/F_08-Jun-2017_rpm770_doc0p010_window_0013.npz",data/02_spectrograms_150x100px_dataset/test/chatter/2inchStickout_F_08-Jun-2017_rpm770_doc0p010_window_0013_chatter.png,test,1,0.00962885,0.06630734,0.012131712,0.010304745
turning,turning,2inchStickout,2inchStickout/F_08-Jun-2017_smoothingCut2_noChatter,,,1,2inchStickout_F_08-Jun-2017_smoothingCut2_noChatter_window_0001,no_chatter,validation,"data/01_windowed_labeled_2,5s/2inchStickout/F_08-Jun-2017_smoothingCut2_noChatter/F_08-Jun-2017_smoothingCut2_noChatter_window_0001.npz",data/02_spectrograms_150x100px_dataset/test/no_chatter/2inchStickout_F_08-Jun-2017_smoothingCut2_noChatter_window_0001_no_chatter.png,test,0,0.0007397169,0.010671883,0.0013131252,0.0010569426
turning,turning,2inchStickout,2inchStickout/F_08-Jun-2017_smoothingCut2_noChatter,,,7,2inchStickout_F_08-Jun-2017_smoothingCut2_noChatter_window_0007,no_chatter,validation,"data/01_windowed_labeled_2,5s/2inchStickout/F_08-Jun-2017_smoothingCut2_noChatter/F_08-Jun-2017_smoothingCut2_noChatter_window_0007.npz",data/02_spectrograms_150x100px_dataset/test/no_chatter/2inchStickout_F_08-Jun-2017_smoothingCut2_noChatter_window_0007_no_chatter.png,test,0,0.0009807815,0.01594804,0.0010085976,0.0010020415
turning,turning,2inchStickout,2inchStickout/F_08-Jun-2017_smoothingCut2_noChatter,,,10,2inchStickout_F_08-Jun-2017_smoothingCut2_noChatter_window_0010,no_chatter,validation,"data/01_windowed_labeled_2,5s/2inchStickout/F_08-Jun-2017_smoothingCut2_noChatter/F_08-Jun-2017_smoothingCut2_noChatter_window_0010.npz",data/02_spectrograms_150x100px_dataset/test/no_chatter/2inchStickout_F_08-Jun-2017_smoothingCut2_noChatter_window_0010_no_chatter.png,test,0,0.001027463,0.015715657,0.0012364954,0.001127503
turning,turning,2p5inchStickout,2p5inchStickout/F_12-Jun-2017_rpm570_doc0p003,570.0,0p003,1,2p5inchStickout_F_12-Jun-2017_rpm570_doc0p003_window_0001,no_chatter,validation,"data/01_windowed_labeled_2,5s/2p5inchStickout/F_12-Jun-2017_rpm570_doc0p003/F_12-Jun-2017_rpm570_doc0p003_window_0001.npz",data/02_spectrograms_150x100px_dataset/test/no_chatter/2p5inchStickout_F_12-Jun-2017_rpm570_doc0p003_window_0001_no_chatter.png,test,0,0.00045178382,0.009056077,0.0008226653,0.0005598415
turning,turning,2p5inchStickout,2p5inchStickout/F_12-Jun-2017_rpm570_doc0p005,570.0,0p005,0,2p5inchStickout_F_12-Jun-2017_rpm570_doc0p005_window_0000,no_chatter,validation,"data/01_windowed_labeled_2,5s/2p5inchStickout/F_12-Jun-2017_rpm570_doc0p005/F_12-Jun-2017_rpm570_doc0p005_window_0000.npz",data/02_spectrograms_150x100px_dataset/test/no_chatter/2p5inchStickout_F_12-Jun-2017_rpm570_doc0p005_window_0000_no_chatter.png,test,0,0.0004363205,0.005040396,0.0004650851,0.00044809966
turning,turning,2p5inchStickout,2p5inchStickout/F_12-Jun-2017_rpm570_doc0p005,570.0,0p005,4,2p5inchStickout_F_12-Jun-2017_rpm570_doc0p005_window_0004,no_chatter,validation,"data/01_windowed_labeled_2,5s/2p5inchStickout/F_12-Jun-2017_rpm570_doc0p005/F_12-Jun-2017_rpm570_doc0p005_window_0004.npz",data/02_spectrograms_150x100px_dataset/test/no_chatter/2p5inchStickout_F_12-Jun-2017_rpm570_doc0p005_window_0004_no_chatter.png,test,0,0.0026049633,0.027996104,0.005104263,0.0031970881
turning,turning,2p5inchStickout,2p5inchStickout/F_12-Jun-2017_rpm570_doc0p005,570.0,0p005,8,2p5inchStickout_F_12-Jun-2017_rpm570_doc0p005_window_0008,no_chatter,validation,"data/01_windowed_labeled_2,5s/2p5inchStickout/F_12-Jun-2017_rpm570_doc0p005/F_12-Jun-2017_rpm570_doc0p005_window_0008.npz",data/02_spectrograms_150x100px_dataset/test/no_chatter/2p5inchStickout_F_12-Jun-2017_rpm570_doc0p005_window_0008_no_chatter.png,test,0,0.0048869895,0.035045423,0.0076011242,0.006125584
turning,turning,2p5inchStickout,2p5inchStickout/F_12-Jun-2017_rpm570_doc0p010,570.0,0p010,3,2p5inchStickout_F_12-Jun-2017_rpm570_doc0p010_window_0003,no_chatter,validation,"data/01_windowed_labeled_2,5s/2p5inchStickout/F_12-Jun-2017_rpm570_doc0p010/F_12-Jun-2017_rpm570_doc0p010_window_0003.npz",data/02_spectrograms_150x100px_dataset/test/no_chatter/2p5inchStickout_F_12-Jun-2017_rpm570_doc0p010_window_0003_no_chatter.png,test,0,0.0008227076,0.017353756,0.0009049652,0.0008682801
turning,turning,2p5inchStickout,2p5inchStickout/F_12-Jun-2017_rpm570_doc0p010,570.0,0p010,6,2p5inchStickout_F_12-Jun-2017_rpm570_doc0p010_window_0006,no_chatter,validation,"data/01_windowed_labeled_2,5s/2p5inchStickout/F_12-Jun-2017_rpm570_doc0p010/F_12-Jun-2017_rpm570_doc0p010_window_0006.npz",data/02_spectrograms_150x100px_dataset/test/no_chatter/2p5inchStickout_F_12-Jun-2017_rpm570_doc0p010_window_0006_no_chatter.png,test,0,0.0021201938,0.026103418,0.0025120464,0.0023222854
turning,turning,2p5inchStickout,2p5inchStickout/F_12-Jun-2017_rpm570_doc0p010,570.0,0p010,9,2p5inchStickout_F_12-Jun-2017_rpm570_doc0p010_window_0009,no_chatter,validation,"data/01_windowed_labeled_2,5s/2p5inchStickout/F_12-Jun-2017_rpm570_doc0p010/F_12-Jun-2017_rpm570_doc0p010_window_0009.npz",data/02_spectrograms_150x100px_dataset/test/no_chatter/2p5inchStickout_F_12-Jun-2017_rpm570_doc0p010_window_0009_no_chatter.png,test,0,0.00092717144,0.01846813,0.0009942284,0.0009769489
turning,turning,2p5inchStickout,2p5inchStickout/F_12-Jun-2017_rpm570_doc0p012,570.0,0p012,2,2p5inchStickout_F_12-Jun-2017_rpm570_doc0p012_window_0002,chatter,validation,"data/01_windowed_labeled_2,5s/2p5inchStickout/F_12-Jun-2017_rpm570_doc0p012/F_12-Jun-2017_rpm570_doc0p012_window_0002.npz",data/02_spectrograms_150x100px_dataset/test/chatter/2p5inchStickout_F_12-Jun-2017_rpm570_doc0p012_window_0002_chatter.png,test,1,0.0025223836,0.027249653,0.0035782314,0.0029667572
turning,turning,2p5inchStickout,2p5inchStickout/F_12-Jun-2017_rpm570_doc0p015_trial2,570.0,0p015,2,2p5inchStickout_F_12-Jun-2017_rpm570_doc0p015_trial2_window_0002,chatter,validation,"data/01_windowed_labeled_2,5s/2p5inchStickout/F_12-Jun-2017_rpm570_doc0p015_trial2/F_12-Jun-2017_rpm570_doc0p015_trial2_window_0002.npz",data/02_spectrograms_150x100px_dataset/test/chatter/2p5inchStickout_F_12-Jun-2017_rpm570_doc0p015_trial2_window_0002_chatter.png,test,1,0.004869474,0.03959349,0.006492201,0.0055808644
turning,turning,2p5inchStickout,2p5inchStickout/F_12-Jun-2017_rpm570_doc0p015_trial2,570.0,0p015,3,2p5inchStickout_F_12-Jun-2017_rpm570_doc0p015_trial2_window_0003,chatter,validation,"data/01_windowed_labeled_2,5s/2p5inchStickout/F_12-Jun-2017_rpm570_doc0p015_trial2/F_12-Jun-2017_rpm570_doc0p015_trial2_window_0003.npz",data/02_spectrograms_150x100px_dataset/test/chatter/2p5inchStickout_F_12-Jun-2017_rpm570_doc0p015_trial2_window_0003_chatter.png,test,1,0.010251496,0.066035986,0.012555133,0.011904589
turning,turning,2p5inchStickout,2p5inchStickout/F_12-Jun-2017_rpm570_doc0p015_trial2,570.0,0p015,4,2p5inchStickout_F_12-Jun-2017_rpm570_doc0p015_trial2_window_0004,chatter,validation,"data/01_windowed_labeled_2,5s/2p5inchStickout/F_12-Jun-2017_rpm570_doc0p015_trial2/F_12-Jun-2017_rpm570_doc0p015_trial2_window_0004.npz",data/02_spectrograms_150x100px_dataset/test/chatter/2p5inchStickout_F_12-Jun-2017_rpm570_doc0p015_trial2_window_0004_chatter.png,test,1,0.010910881,0.06861744,0.015549812,0.013046283
turning,turning,2p5inchStickout,2p5inchStickout/F_12-Jun-2017_rpm570_doc0p015_trial2,570.0,0p015,5,2p5inchStickout_F_12-Jun-2017_rpm570_doc0p015_trial2_window_0005,chatter,validation,"data/01_windowed_labeled_2,5s/2p5inchStickout/F_12-Jun-2017_rpm570_doc0p015_trial2/F_12-Jun-2017_rpm570_doc0p015_trial2_window_0005.npz",data/02_spectrograms_150x100px_dataset/test/chatter/2p5inchStickout_F_12-Jun-2017_rpm570_doc0p015_trial2_window_0005_chatter.png,test,1,0.0071861004,0.052651398,0.012400566,0.008915021
turning,turning,3inchStickout,3inchStickout/F_12-Jun-2017_rpm570_doc0p015,570.0,0p015,1,3inchStickout_F_12-Jun-2017_rpm570_doc0p015_window_0001,no_chatter,validation,"data/01_windowed_labeled_2,5s/3inchStickout/F_12-Jun-2017_rpm570_doc0p015/F_12-Jun-2017_rpm570_doc0p015_window_0001.npz",data/02_spectrograms_150x100px_dataset/test/no_chatter/3inchStickout_F_12-Jun-2017_rpm570_doc0p015_window_0001_no_chatter.png,test,0,0.00013094496,0.0037671267,0.00015555811,0.00014215779
turning,turning,3p5inchStickout,3p5inchStickout/F_12-Jun-2017_rpm570_doc0p030,570.0,0p030,1,3p5inchStickout_F_12-Jun-2017_rpm570_doc0p030_window_0001,no_chatter,validation,"data/01_windowed_labeled_2,5s/3p5inchStickout/F_12-Jun-2017_rpm570_doc0p030/F_12-Jun-2017_rpm570_doc0p030_window_0001.npz",data/02_spectrograms_150x100px_dataset/test/no_chatter/3p5inchStickout_F_12-Jun-2017_rpm570_doc0p030_window_0001_no_chatter.png,test,0,4.1073064e-05,0.002387016,4.8935945e-05,4.3358497e-05
turning,turning,3p5inchStickout,3p5inchStickout/F_12-Jun-2017_rpm570_doc0p030,570.0,0p030,9,3p5inchStickout_F_12-Jun-2017_rpm570_doc0p030_window_0009,no_chatter,validation,"data/01_windowed_labeled_2,5s/3p5inchStickout/F_12-Jun-2017_rpm570_doc0p030/F_12-Jun-2017_rpm570_doc0p030_window_0009.npz",data/02_spectrograms_150x100px_dataset/test/no_chatter/3p5inchStickout_F_12-Jun-2017_rpm570_doc0p030_window_0009_no_chatter.png,test,0,0.002616782,0.030247752,0.003813319,0.0031444926
turning,turning,3p5inchStickout,3p5inchStickout/F_14-Jun-2017_rpm770_doc0p008,770.0,0p008,3,3p5inchStickout_F_14-Jun-2017_rpm770_doc0p008_window_0003,no_chatter,validation,"data/01_windowed_labeled_2,5s/3p5inchStickout/F_14-Jun-2017_rpm770_doc0p008/F_14-Jun-2017_rpm770_doc0p008_window_0003.npz",data/02_spectrograms_150x100px_dataset/test/no_chatter/3p5inchStickout_F_14-Jun-2017_rpm770_doc0p008_window_0003_no_chatter.png,test,0,0.0009386214,0.018557513,0.0010744034,0.0010157977
turning,turning,4p5inchStickout,4p5inchStickout/F_12-Jun-2017_rpm570_doc0p010,570.0,0p010,2,4p5inchStickout_F_12-Jun-2017_rpm570_doc0p010_window_0002,no_chatter,validation,"data/01_windowed_labeled_2,5s/4p5inchStickout/F_12-Jun-2017_rpm570_doc0p010/F_12-Jun-2017_rpm570_doc0p010_window_0002.npz",data/02_spectrograms_150x100px_dataset/test/no_chatter/4p5inchStickout_F_12-Jun-2017_rpm570_doc0p010_window_0002_no_chatter.png,test,0,3.707435e-05,0.0022276326,4.1322066e-05,4.070048e-05
turning,turning,4p5inchStickout,4p5inchStickout/F_12-Jun-2017_rpm570_doc0p025,570.0,0p025,6,4p5inchStickout_F_12-Jun-2017_rpm570_doc0p025_window_0006,no_chatter,validation,"data/01_windowed_labeled_2,5s/4p5inchStickout/F_12-Jun-2017_rpm570_doc0p025/F_12-Jun-2017_rpm570_doc0p025_window_0006.npz",data/02_spectrograms_150x100px_dataset/test/no_chatter/4p5inchStickout_F_12-Jun-2017_rpm570_doc0p025_window_0006_no_chatter.png,test,0,0.0007680095,0.01729858,0.0008780187,0.00080058613
turning,turning,4p5inchStickout,4p5inchStickout/F_13-Jun-2017_rpm1030_doc0p005,1030.0,0p005,1,4p5inchStickout_F_13-Jun-2017_rpm1030_doc0p005_window_0001,no_chatter,validation,"data/01_windowed_labeled_2,5s/4p5inchStickout/F_13-Jun-2017_rpm1030_doc0p005/F_13-Jun-2017_rpm1030_doc0p005_window_0001.npz",data/02_spectrograms_150x100px_dataset/test/no_chatter/4p5inchStickout_F_13-Jun-2017_rpm1030_doc0p005_window_0001_no_chatter.png,test,0,0.0011013171,0.021171771,0.0013324118,0.0012228951
turning,turning,4p5inchStickout,4p5inchStickout/F_13-Jun-2017_rpm1030_doc0p005,1030.0,0p005,2,4p5inchStickout_F_13-Jun-2017_rpm1030_doc0p005_window_0002,no_chatter,validation,"data/01_windowed_labeled_2,5s/4p5inchStickout/F_13-Jun-2017_rpm1030_doc0p005/F_13-Jun-2017_rpm1030_doc0p005_window_0002.npz",data/02_spectrograms_150x100px_dataset/test/no_chatter/4p5inchStickout_F_13-Jun-2017_rpm1030_doc0p005_window_0002_no_chatter.png,test,0,0.0011257431,0.021717176,0.0012074775,0.0011580087
turning,turning,4p5inchStickout,4p5inchStickout/F_13-Jun-2017_rpm1030_doc0p010,1030.0,0p010,1,4p5inchStickout_F_13-Jun-2017_rpm1030_doc0p010_window_0001,no_chatter,validation,"data/01_windowed_labeled_2,5s/4p5inchStickout/F_13-Jun-2017_rpm1030_doc0p010/F_13-Jun-2017_rpm1030_doc0p010_window_0001.npz",data/02_spectrograms_150x100px_dataset/test/no_chatter/4p5inchStickout_F_13-Jun-2017_rpm1030_doc0p010_window_0001_no_chatter.png,test,0,0.0016777049,0.025384959,0.0023110313,0.002217901
turning,turning,4p5inchStickout,4p5inchStickout/F_13-Jun-2017_rpm1030_doc0p012,1030.0,0p012,2,4p5inchStickout_F_13-Jun-2017_rpm1030_doc0p012_window_0002,no_chatter,validation,"data/01_windowed_labeled_2,5s/4p5inchStickout/F_13-Jun-2017_rpm1030_doc0p012/F_13-Jun-2017_rpm1030_doc0p012_window_0002.npz",data/02_spectrograms_150x100px_dataset/test/no_chatter/4p5inchStickout_F_13-Jun-2017_rpm1030_doc0p012_window_0002_no_chatter.png,test,0,0.0011732079,0.022473207,0.0012572921,0.0012382198
turning,turning,4p5inchStickout,4p5inchStickout/F_13-Jun-2017_rpm1030_doc0p013,1030.0,0p013,0,4p5inchStickout_F_13-Jun-2017_rpm1030_doc0p013_window_0000,no_chatter,validation,"data/01_windowed_labeled_2,5s/4p5inchStickout/F_13-Jun-2017_rpm1030_doc0p013/F_13-Jun-2017_rpm1030_doc0p013_window_0000.npz",data/02_spectrograms_150x100px_dataset/test/no_chatter/4p5inchStickout_F_13-Jun-2017_rpm1030_doc0p013_window_0000_no_chatter.png,test,0,8.3228166e-05,0.0028794098,9.370781e-05,8.877874e-05
turning,turning,4p5inchStickout,4p5inchStickout/F_13-Jun-2017_rpm1030_doc0p013,1030.0,0p013,2,4p5inchStickout_F_13-Jun-2017_rpm1030_doc0p013_window_0002,no_chatter,validation,"data/01_windowed_labeled_2,5s/4p5inchStickout/F_13-Jun-2017_rpm1030_doc0p013/F_13-Jun-2017_rpm1030_doc0p013_window_0002.npz",data/02_spectrograms_150x100px_dataset/test/no_chatter/4p5inchStickout_F_13-Jun-2017_rpm1030_doc0p013_window_0002_no_chatter.png,test,0,0.0015552051,0.025025366,0.001866063,0.0017011788
turning,turning,4p5inchStickout,4p5inchStickout/F_13-Jun-2017_rpm1030_doc0p016,1030.0,0p016,0,4p5inchStickout_F_13-Jun-2017_rpm1030_doc0p016_window_0000,no_chatter,validation,"data/01_windowed_labeled_2,5s/4p5inchStickout/F_13-Jun-2017_rpm1030_doc0p016/F_13-Jun-2017_rpm1030_doc0p016_window_0000.npz",data/02_spectrograms_150x100px_dataset/test/no_chatter/4p5inchStickout_F_13-Jun-2017_rpm1030_doc0p016_window_0000_no_chatter.png,test,0,9.3349736e-05,0.0031052544,0.00013010683,0.000102688115
turning,turning,4p5inchStickout,4p5inchStickout/F_13-Jun-2017_rpm770_doc0p010,770.0,0p010,3,4p5inchStickout_F_13-Jun-2017_rpm770_doc0p010_window_0003,no_chatter,validation,"data/01_windowed_labeled_2,5s/4p5inchStickout/F_13-Jun-2017_rpm770_doc0p010/F_13-Jun-2017_rpm770_doc0p010_window_0003.npz",data/02_spectrograms_150x100px_dataset/test/no_chatter/4p5inchStickout_F_13-Jun-2017_rpm770_doc0p010_window_0003_no_chatter.png,test,0,0.0013358134,0.023173252,0.0017687697,0.0014881747
turning,turning,4p5inchStickout,4p5inchStickout/F_13-Jun-2017_rpm770_doc0p020,770.0,0p020,2,4p5inchStickout_F_13-Jun-2017_rpm770_doc0p020_window_0002,no_chatter,validation,"data/01_windowed_labeled_2,5s/4p5inchStickout/F_13-Jun-2017_rpm770_doc0p020/F_13-Jun-2017_rpm770_doc0p020_window_0002.npz",data/02_spectrograms_150x100px_dataset/test/no_chatter/4p5inchStickout_F_13-Jun-2017_rpm770_doc0p020_window_0002_no_chatter.png,test,0,0.00087626715,0.01871859,0.0009180198,0.0009024504
